user_id,car_id,owned,timestamp
0qazsqiLuMQseLNnZ22Yx4icNhAw,CarNo0,1,2024-07-18 09:01:10
0qazsqiLuMQseLNnZ22Yx4icNhAw,CarNo1,0,0
0qazsqiLuMQseLNnZ22Yx4icNhAw,CarNo2,0,0
0qazsqiLuMQseLNnZ22Yx4icNhAw,CarNo3,1,2024-07-23 09:01:10
0qazsqiLuMQseLNnZ22Yx4icNhAw,CarNo4,1,2024-07-24 09:01:10
nsX46uppKtc7SnfMgtY8JO6qD77I,CarNo0,1,2024-07-27 04:30:15
nsX46uppKtc7SnfMgtY8JO6qD77I,CarNo1,0,0
nsX46uppKtc7SnfMgtY8JO6qD77I,CarNo2,1,2024-07-31 04:30:15
nsX46uppKtc7SnfMgtY8JO6qD77I,CarNo3,1,2024-08-01 04:30:15
nsX46uppKtc7SnfMgtY8JO6qD77I,CarNo4,0,0
L1VhPSyGPK6vC7QPplJUDW51ZjOh,CarNo0,1,2024-07-11 06:13:07
L1VhPSyGPK6vC7QPplJUDW51ZjOh,CarNo1,1,2024-07-14 06:13:07
L1VhPSyGPK6vC7QPplJUDW51ZjOh,CarNo2,1,2024-07-15 06:13:07
L1VhPSyGPK6vC7QPplJUDW51ZjOh,CarNo3,0,0
L1VhPSyGPK6vC7QPplJUDW51ZjOh,CarNo4,1,2024-07-17 06:13:07
T4qnlMpcXfcRBBo1syKzesevEz0Z,CarNo0,1,2024-08-04 14:08:11
T4qnlMpcXfcRBBo1syKzesevEz0Z,CarNo1,0,0
T4qnlMpcXfcRBBo1syKzesevEz0Z,CarNo2,1,2024-08-08 14:08:11
T4qnlMpcXfcRBBo1syKzesevEz0Z,CarNo3,1,2024-08-09 14:08:11
T4qnlMpcXfcRBBo1syKzesevEz0Z,CarNo4,1,2024-08-10 14:08:11
n4WeeAJfhxaoL36EwBq4GjANoZOh,CarNo0,1,2024-07-05 12:10:34
n4WeeAJfhxaoL36EwBq4GjANoZOh,CarNo1,0,0
n4WeeAJfhxaoL36EwBq4GjANoZOh,CarNo2,1,2024-07-09 12:10:34
n4WeeAJfhxaoL36EwBq4GjANoZOh,CarNo3,1,2024-07-10 12:10:34
n4WeeAJfhxaoL36EwBq4GjANoZOh,CarNo4,0,0
dAf62oRRnn0Y0dhXmgrdytbNMqiF,CarNo0,1,2024-07-28 05:24:18
dAf62oRRnn0Y0dhXmgrdytbNMqiF,CarNo1,0,0
dAf62oRRnn0Y0dhXmgrdytbNMqiF,CarNo2,1,2024-08-01 05:24:18
dAf62oRRnn0Y0dhXmgrdytbNMqiF,CarNo3,0,0
dAf62oRRnn0Y0dhXmgrdytbNMqiF,CarNo4,0,0
SZivxFFGUEKNvbm2nq4mUEnhogKh,CarNo0,1,2024-08-07 17:12:07
SZivxFFGUEKNvbm2nq4mUEnhogKh,CarNo1,1,2024-08-06 00:20:34
SZivxFFGUEKNvbm2nq4mUEnhogKh,CarNo2,1,2024-07-13 18:48:18
SZivxFFGUEKNvbm2nq4mUEnhogKh,CarNo3,1,2024-08-03 02:43:44
SZivxFFGUEKNvbm2nq4mUEnhogKh,CarNo4,0,0
tiv28YriIT27R80tLV7TQTglTFvK,CarNo0,1,2024-08-07 17:12:07
tiv28YriIT27R80tLV7TQTglTFvK,CarNo1,0,0
tiv28YriIT27R80tLV7TQTglTFvK,CarNo2,0,0
tiv28YriIT27R80tLV7TQTglTFvK,CarNo3,1,2024-07-25 23:04:35
tiv28YriIT27R80tLV7TQTglTFvK,CarNo4,0,0
KCwO6bJZi28D6pyvwHcLKolfUb5Z,CarNo0,1,2024-07-22 23:25:54
KCwO6bJZi28D6pyvwHcLKolfUb5Z,CarNo1,0,0
KCwO6bJZi28D6pyvwHcLKolfUb5Z,CarNo2,0,0
KCwO6bJZi28D6pyvwHcLKolfUb5Z,CarNo3,0,0
KCwO6bJZi28D6pyvwHcLKolfUb5Z,CarNo4,0,0
JzpdHbCy9FpTYFRmsbcN588QU1xn,CarNo0,1,2024-08-07 17:12:07
JzpdHbCy9FpTYFRmsbcN588QU1xn,CarNo1,1,2024-08-06 10:31:20
JzpdHbCy9FpTYFRmsbcN588QU1xn,CarNo2,0,0
JzpdHbCy9FpTYFRmsbcN588QU1xn,CarNo3,0,0
JzpdHbCy9FpTYFRmsbcN588QU1xn,CarNo4,1,2024-08-04 23:26:58
p0tiv2EmDfxiiJInFjAko9FRnmuB,CarNo0,1,2024-07-21 12:47:42
p0tiv2EmDfxiiJInFjAko9FRnmuB,CarNo1,0,0
p0tiv2EmDfxiiJInFjAko9FRnmuB,CarNo2,0,0
p0tiv2EmDfxiiJInFjAko9FRnmuB,CarNo3,1,2024-07-26 12:47:42
p0tiv2EmDfxiiJInFjAko9FRnmuB,CarNo4,0,0
7GpwdLiSI9cyRlhA3TWfYd8gwKxp,CarNo0,1,2024-07-21 22:34:25
7GpwdLiSI9cyRlhA3TWfYd8gwKxp,CarNo1,0,0
7GpwdLiSI9cyRlhA3TWfYd8gwKxp,CarNo2,0,0
7GpwdLiSI9cyRlhA3TWfYd8gwKxp,CarNo3,1,2024-07-26 22:34:25
7GpwdLiSI9cyRlhA3TWfYd8gwKxp,CarNo4,1,2024-07-27 22:34:25
a0iMFnWvOjQraLOF2LGflkbKA6cK,CarNo0,1,2024-08-07 17:12:07
a0iMFnWvOjQraLOF2LGflkbKA6cK,CarNo1,0,0
a0iMFnWvOjQraLOF2LGflkbKA6cK,CarNo2,1,2024-07-13 06:30:51
a0iMFnWvOjQraLOF2LGflkbKA6cK,CarNo3,1,2024-07-29 12:31:27
a0iMFnWvOjQraLOF2LGflkbKA6cK,CarNo4,1,2024-07-28 15:25:10
ZB2jcLXaEUWcYVNvbie7qzenXBeQ,CarNo0,1,2024-08-07 17:12:07
ZB2jcLXaEUWcYVNvbie7qzenXBeQ,CarNo1,0,0
ZB2jcLXaEUWcYVNvbie7qzenXBeQ,CarNo2,1,2024-08-05 12:38:39
ZB2jcLXaEUWcYVNvbie7qzenXBeQ,CarNo3,0,0
ZB2jcLXaEUWcYVNvbie7qzenXBeQ,CarNo4,1,2024-07-05 02:52:01
oMWxSe1PoKJXXB57pepaJeQXlywC,CarNo0,1,2024-07-19 12:37:04
oMWxSe1PoKJXXB57pepaJeQXlywC,CarNo1,0,0
oMWxSe1PoKJXXB57pepaJeQXlywC,CarNo2,1,2024-07-23 12:37:04
oMWxSe1PoKJXXB57pepaJeQXlywC,CarNo3,1,2024-07-24 12:37:04
oMWxSe1PoKJXXB57pepaJeQXlywC,CarNo4,0,0
cx6Ypi5noOwsRv89ZKkpyGaACS6U,CarNo0,1,2024-07-10 20:16:58
cx6Ypi5noOwsRv89ZKkpyGaACS6U,CarNo1,0,0
cx6Ypi5noOwsRv89ZKkpyGaACS6U,CarNo2,0,0
cx6Ypi5noOwsRv89ZKkpyGaACS6U,CarNo3,1,2024-07-15 20:16:58
cx6Ypi5noOwsRv89ZKkpyGaACS6U,CarNo4,1,2024-07-16 20:16:58
fTc9zjggTKWF7UHoU5IUhv0vAzni,CarNo0,1,2024-08-07 17:12:07
fTc9zjggTKWF7UHoU5IUhv0vAzni,CarNo1,0,0
fTc9zjggTKWF7UHoU5IUhv0vAzni,CarNo2,0,0
fTc9zjggTKWF7UHoU5IUhv0vAzni,CarNo3,1,2024-07-18 08:47:08
fTc9zjggTKWF7UHoU5IUhv0vAzni,CarNo4,0,0
vqKd8i6WO3f5K1ub46ske1AvJS8q,CarNo0,1,2024-08-07 17:12:07
vqKd8i6WO3f5K1ub46ske1AvJS8q,CarNo1,1,2024-07-11 20:15:52
vqKd8i6WO3f5K1ub46ske1AvJS8q,CarNo2,1,2024-07-25 07:23:50
vqKd8i6WO3f5K1ub46ske1AvJS8q,CarNo3,0,0
vqKd8i6WO3f5K1ub46ske1AvJS8q,CarNo4,0,0
oCn0JlNon6PuMzJ893GU1vVy9RdQ,CarNo0,1,2024-08-07 17:12:07
oCn0JlNon6PuMzJ893GU1vVy9RdQ,CarNo1,0,0
oCn0JlNon6PuMzJ893GU1vVy9RdQ,CarNo2,1,2024-07-10 18:04:43
oCn0JlNon6PuMzJ893GU1vVy9RdQ,CarNo3,0,0
oCn0JlNon6PuMzJ893GU1vVy9RdQ,CarNo4,1,2024-07-18 21:37:18
9g33UTZQnDf62HwRqiHip2OtM4uL,CarNo0,1,2024-08-07 17:12:07
9g33UTZQnDf62HwRqiHip2OtM4uL,CarNo1,1,2024-07-22 23:21:15
9g33UTZQnDf62HwRqiHip2OtM4uL,CarNo2,1,2024-07-17 18:54:34
9g33UTZQnDf62HwRqiHip2OtM4uL,CarNo3,0,0
9g33UTZQnDf62HwRqiHip2OtM4uL,CarNo4,0,0
opoQHwsQjzBQ0dxYY0kjnai6KiPg,CarNo0,1,2024-08-07 17:12:07
opoQHwsQjzBQ0dxYY0kjnai6KiPg,CarNo1,1,2024-07-13 07:21:02
opoQHwsQjzBQ0dxYY0kjnai6KiPg,CarNo2,1,2024-07-11 21:50:19
opoQHwsQjzBQ0dxYY0kjnai6KiPg,CarNo3,0,0
opoQHwsQjzBQ0dxYY0kjnai6KiPg,CarNo4,0,0
iAQOjIObgcnCKwP263vOato8VlIn,CarNo0,1,2024-08-07 17:12:07
iAQOjIObgcnCKwP263vOato8VlIn,CarNo1,0,0
iAQOjIObgcnCKwP263vOato8VlIn,CarNo2,1,2024-07-08 23:29:53
iAQOjIObgcnCKwP263vOato8VlIn,CarNo3,1,2024-07-13 12:51:30
iAQOjIObgcnCKwP263vOato8VlIn,CarNo4,1,2024-07-13 14:24:31
zXmqkWrTYKFzammL5fZayZbLmvLs,CarNo0,1,2024-08-07 17:12:07
zXmqkWrTYKFzammL5fZayZbLmvLs,CarNo1,0,0
zXmqkWrTYKFzammL5fZayZbLmvLs,CarNo2,0,0
zXmqkWrTYKFzammL5fZayZbLmvLs,CarNo3,0,0
zXmqkWrTYKFzammL5fZayZbLmvLs,CarNo4,0,0
AZSBD06QSQL8qhjKwX7lpTLM5t37,CarNo0,1,2024-08-07 17:12:07
AZSBD06QSQL8qhjKwX7lpTLM5t37,CarNo1,0,0
AZSBD06QSQL8qhjKwX7lpTLM5t37,CarNo2,1,2024-07-12 21:02:41
AZSBD06QSQL8qhjKwX7lpTLM5t37,CarNo3,0,0
AZSBD06QSQL8qhjKwX7lpTLM5t37,CarNo4,1,2024-08-07 13:01:36
caRXM3QSqufiZ0T3sxa4gxkhDyPs,CarNo0,1,2024-07-17 15:52:21
caRXM3QSqufiZ0T3sxa4gxkhDyPs,CarNo1,0,0
caRXM3QSqufiZ0T3sxa4gxkhDyPs,CarNo2,0,0
caRXM3QSqufiZ0T3sxa4gxkhDyPs,CarNo3,1,2024-07-22 15:52:21
caRXM3QSqufiZ0T3sxa4gxkhDyPs,CarNo4,0,0
bSPiVNNAboGFBKH0XZEdTl2swrys,CarNo0,1,2024-07-10 03:32:11
bSPiVNNAboGFBKH0XZEdTl2swrys,CarNo1,0,0
bSPiVNNAboGFBKH0XZEdTl2swrys,CarNo2,0,0
bSPiVNNAboGFBKH0XZEdTl2swrys,CarNo3,1,2024-07-15 03:32:11
bSPiVNNAboGFBKH0XZEdTl2swrys,CarNo4,0,0
ZtD2XanRdn3tVq7jwFSQQJApTNOG,CarNo0,1,2024-08-07 17:12:07
ZtD2XanRdn3tVq7jwFSQQJApTNOG,CarNo1,1,2024-07-04 14:10:10
ZtD2XanRdn3tVq7jwFSQQJApTNOG,CarNo2,1,2024-08-06 01:27:05
ZtD2XanRdn3tVq7jwFSQQJApTNOG,CarNo3,1,2024-07-14 02:02:55
ZtD2XanRdn3tVq7jwFSQQJApTNOG,CarNo4,1,2024-08-06 22:40:31
dn7kd3xoEvrNCCHq2ojtmkVsEL8x,CarNo0,1,2024-08-07 17:12:07
dn7kd3xoEvrNCCHq2ojtmkVsEL8x,CarNo1,0,0
dn7kd3xoEvrNCCHq2ojtmkVsEL8x,CarNo2,0,0
dn7kd3xoEvrNCCHq2ojtmkVsEL8x,CarNo3,1,2024-07-04 00:13:03
dn7kd3xoEvrNCCHq2ojtmkVsEL8x,CarNo4,1,2024-07-17 18:56:10
lAS6YHVObNJO5y2Fqm10Px1TPxEE,CarNo0,1,2024-08-07 17:12:07
lAS6YHVObNJO5y2Fqm10Px1TPxEE,CarNo1,1,2024-08-01 18:59:53
lAS6YHVObNJO5y2Fqm10Px1TPxEE,CarNo2,0,0
lAS6YHVObNJO5y2Fqm10Px1TPxEE,CarNo3,0,0
lAS6YHVObNJO5y2Fqm10Px1TPxEE,CarNo4,1,2024-07-24 02:54:11
tCEf6wuVj3vvcnISSVFP6htmhFlU,CarNo0,1,2024-07-15 17:28:44
tCEf6wuVj3vvcnISSVFP6htmhFlU,CarNo1,1,2024-07-18 17:28:44
tCEf6wuVj3vvcnISSVFP6htmhFlU,CarNo2,0,0
tCEf6wuVj3vvcnISSVFP6htmhFlU,CarNo3,1,2024-07-20 17:28:44
tCEf6wuVj3vvcnISSVFP6htmhFlU,CarNo4,0,0
Xhtmcnh5vvAVzYYJ6eY0LE1L08wL,CarNo0,1,2024-07-19 04:19:52
Xhtmcnh5vvAVzYYJ6eY0LE1L08wL,CarNo1,1,2024-07-22 04:19:52
Xhtmcnh5vvAVzYYJ6eY0LE1L08wL,CarNo2,0,0
Xhtmcnh5vvAVzYYJ6eY0LE1L08wL,CarNo3,0,0
Xhtmcnh5vvAVzYYJ6eY0LE1L08wL,CarNo4,0,0
KiLQh5wI5UFwJShsZjW5tpkDQCPW,CarNo0,1,2024-08-07 23:53:03
KiLQh5wI5UFwJShsZjW5tpkDQCPW,CarNo1,0,0
KiLQh5wI5UFwJShsZjW5tpkDQCPW,CarNo2,1,2024-08-11 23:53:03
KiLQh5wI5UFwJShsZjW5tpkDQCPW,CarNo3,0,0
KiLQh5wI5UFwJShsZjW5tpkDQCPW,CarNo4,1,2024-08-13 23:53:03
sDJCyYiE4lH1UJ7AhTudaP8yPrNH,CarNo0,1,2024-08-07 17:12:07
sDJCyYiE4lH1UJ7AhTudaP8yPrNH,CarNo1,0,0
sDJCyYiE4lH1UJ7AhTudaP8yPrNH,CarNo2,1,2024-07-05 17:17:33
sDJCyYiE4lH1UJ7AhTudaP8yPrNH,CarNo3,0,0
sDJCyYiE4lH1UJ7AhTudaP8yPrNH,CarNo4,0,0
Ps2ZSUD5pdefswnMcTMjqUmYzVck,CarNo0,1,2024-08-07 17:12:07
Ps2ZSUD5pdefswnMcTMjqUmYzVck,CarNo1,0,0
Ps2ZSUD5pdefswnMcTMjqUmYzVck,CarNo2,1,2024-07-09 14:59:56
Ps2ZSUD5pdefswnMcTMjqUmYzVck,CarNo3,0,0
Ps2ZSUD5pdefswnMcTMjqUmYzVck,CarNo4,0,0
AQZHTEUM7ypmvGSuGEgMB7sA7Y8J,CarNo0,1,2024-08-07 17:12:07
AQZHTEUM7ypmvGSuGEgMB7sA7Y8J,CarNo1,1,2024-07-26 07:21:56
AQZHTEUM7ypmvGSuGEgMB7sA7Y8J,CarNo2,0,0
AQZHTEUM7ypmvGSuGEgMB7sA7Y8J,CarNo3,0,0
AQZHTEUM7ypmvGSuGEgMB7sA7Y8J,CarNo4,0,0
v19QVSlysE5FC3PfNoZb8QDwjZ3M,CarNo0,1,2024-07-24 15:01:15
v19QVSlysE5FC3PfNoZb8QDwjZ3M,CarNo1,1,2024-07-27 15:01:15
v19QVSlysE5FC3PfNoZb8QDwjZ3M,CarNo2,0,0
v19QVSlysE5FC3PfNoZb8QDwjZ3M,CarNo3,0,0
v19QVSlysE5FC3PfNoZb8QDwjZ3M,CarNo4,0,0
AzUetoV9zkUIvtpNt9ixLcPLegu8,CarNo0,1,2024-07-09 19:34:31
AzUetoV9zkUIvtpNt9ixLcPLegu8,CarNo1,0,0
AzUetoV9zkUIvtpNt9ixLcPLegu8,CarNo2,1,2024-07-13 19:34:31
AzUetoV9zkUIvtpNt9ixLcPLegu8,CarNo3,1,2024-07-14 19:34:31
AzUetoV9zkUIvtpNt9ixLcPLegu8,CarNo4,0,0
hzpFjXzVKZPbOVhPC3DWTemLVLTY,CarNo0,1,2024-08-07 17:12:07
hzpFjXzVKZPbOVhPC3DWTemLVLTY,CarNo1,1,2024-07-10 10:13:12
hzpFjXzVKZPbOVhPC3DWTemLVLTY,CarNo2,1,2024-07-26 00:44:28
hzpFjXzVKZPbOVhPC3DWTemLVLTY,CarNo3,0,0
hzpFjXzVKZPbOVhPC3DWTemLVLTY,CarNo4,1,2024-07-14 02:33:17
GPObzbfzQPC0d6hG447loMO4SLAq,CarNo0,1,2024-08-07 17:12:07
GPObzbfzQPC0d6hG447loMO4SLAq,CarNo1,0,0
GPObzbfzQPC0d6hG447loMO4SLAq,CarNo2,1,2024-07-24 15:16:21
GPObzbfzQPC0d6hG447loMO4SLAq,CarNo3,1,2024-07-21 00:57:56
GPObzbfzQPC0d6hG447loMO4SLAq,CarNo4,1,2024-07-11 04:40:08
rvMAWTS0nuQGDyJbnHgllReq6Uli,CarNo0,1,2024-07-07 06:45:25
rvMAWTS0nuQGDyJbnHgllReq6Uli,CarNo1,0,0
rvMAWTS0nuQGDyJbnHgllReq6Uli,CarNo2,0,0
rvMAWTS0nuQGDyJbnHgllReq6Uli,CarNo3,1,2024-07-12 06:45:25
rvMAWTS0nuQGDyJbnHgllReq6Uli,CarNo4,0,0
3jtdX841SxdCYoTCKml35FkzfQNY,CarNo0,1,2024-08-06 22:46:25
3jtdX841SxdCYoTCKml35FkzfQNY,CarNo1,1,2024-08-09 22:46:25
3jtdX841SxdCYoTCKml35FkzfQNY,CarNo2,0,0
3jtdX841SxdCYoTCKml35FkzfQNY,CarNo3,0,0
3jtdX841SxdCYoTCKml35FkzfQNY,CarNo4,1,2024-08-12 22:46:25
bSlAH978TW5HYd2lVfTaPhmHKgLf,CarNo0,1,2024-08-07 17:12:07
bSlAH978TW5HYd2lVfTaPhmHKgLf,CarNo1,1,2024-08-06 20:10:16
bSlAH978TW5HYd2lVfTaPhmHKgLf,CarNo2,0,0
bSlAH978TW5HYd2lVfTaPhmHKgLf,CarNo3,1,2024-07-09 07:55:57
bSlAH978TW5HYd2lVfTaPhmHKgLf,CarNo4,0,0
TxeDRsOFGoD6wLHvKLOid8xv1Byr,CarNo0,1,2024-07-18 21:08:07
TxeDRsOFGoD6wLHvKLOid8xv1Byr,CarNo1,0,0
TxeDRsOFGoD6wLHvKLOid8xv1Byr,CarNo2,1,2024-07-22 21:08:07
TxeDRsOFGoD6wLHvKLOid8xv1Byr,CarNo3,1,2024-07-23 21:08:07
TxeDRsOFGoD6wLHvKLOid8xv1Byr,CarNo4,1,2024-07-24 21:08:07
RS8OGtT3nkNewsiGgMX8CUzOxGc6,CarNo0,1,2024-08-05 14:01:10
RS8OGtT3nkNewsiGgMX8CUzOxGc6,CarNo1,0,0
RS8OGtT3nkNewsiGgMX8CUzOxGc6,CarNo2,0,0
RS8OGtT3nkNewsiGgMX8CUzOxGc6,CarNo3,1,2024-08-10 14:01:10
RS8OGtT3nkNewsiGgMX8CUzOxGc6,CarNo4,0,0
96iFYL0PrMe6csJGS53UjZA6ZF6R,CarNo0,1,2024-08-07 17:12:07
96iFYL0PrMe6csJGS53UjZA6ZF6R,CarNo1,0,0
96iFYL0PrMe6csJGS53UjZA6ZF6R,CarNo2,0,0
96iFYL0PrMe6csJGS53UjZA6ZF6R,CarNo3,1,2024-07-31 05:33:32
96iFYL0PrMe6csJGS53UjZA6ZF6R,CarNo4,0,0
akcuLNxcEOT1khlEN2DJFYLuvLX2,CarNo0,1,2024-08-07 17:12:07
akcuLNxcEOT1khlEN2DJFYLuvLX2,CarNo1,1,2024-07-05 12:12:44
akcuLNxcEOT1khlEN2DJFYLuvLX2,CarNo2,0,0
akcuLNxcEOT1khlEN2DJFYLuvLX2,CarNo3,0,0
akcuLNxcEOT1khlEN2DJFYLuvLX2,CarNo4,0,0
HZGwl0M2tVQfgSSh0w7oboefi6Z9,CarNo0,1,2024-08-07 17:12:07
HZGwl0M2tVQfgSSh0w7oboefi6Z9,CarNo1,0,0
HZGwl0M2tVQfgSSh0w7oboefi6Z9,CarNo2,0,0
HZGwl0M2tVQfgSSh0w7oboefi6Z9,CarNo3,0,0
HZGwl0M2tVQfgSSh0w7oboefi6Z9,CarNo4,1,2024-07-16 06:22:31
qFfjmEhavbu0UAICgIpdg2YCM7bX,CarNo0,1,2024-08-06 06:23:22
qFfjmEhavbu0UAICgIpdg2YCM7bX,CarNo1,0,0
qFfjmEhavbu0UAICgIpdg2YCM7bX,CarNo2,1,2024-08-10 06:23:22
qFfjmEhavbu0UAICgIpdg2YCM7bX,CarNo3,1,2024-08-11 06:23:22
qFfjmEhavbu0UAICgIpdg2YCM7bX,CarNo4,0,0
D0scHErepk2dCPZb4AU6CgAiKOKP,CarNo0,1,2024-08-07 17:12:07
D0scHErepk2dCPZb4AU6CgAiKOKP,CarNo1,0,0
D0scHErepk2dCPZb4AU6CgAiKOKP,CarNo2,0,0
D0scHErepk2dCPZb4AU6CgAiKOKP,CarNo3,0,0
D0scHErepk2dCPZb4AU6CgAiKOKP,CarNo4,0,0
CHRFdM3PRuLyRcbfWxlUIUroNf3b,CarNo0,1,2024-07-18 10:29:03
CHRFdM3PRuLyRcbfWxlUIUroNf3b,CarNo1,1,2024-07-21 10:29:03
CHRFdM3PRuLyRcbfWxlUIUroNf3b,CarNo2,1,2024-07-22 10:29:03
CHRFdM3PRuLyRcbfWxlUIUroNf3b,CarNo3,1,2024-07-23 10:29:03
CHRFdM3PRuLyRcbfWxlUIUroNf3b,CarNo4,0,0
yT7FN21NVFki9Opo3Lgv7KXG08D0,CarNo0,1,2024-07-25 02:32:05
yT7FN21NVFki9Opo3Lgv7KXG08D0,CarNo1,1,2024-07-28 02:32:05
yT7FN21NVFki9Opo3Lgv7KXG08D0,CarNo2,1,2024-07-29 02:32:05
yT7FN21NVFki9Opo3Lgv7KXG08D0,CarNo3,1,2024-07-30 02:32:05
yT7FN21NVFki9Opo3Lgv7KXG08D0,CarNo4,0,0
IjUTM6YlMbPqCssN6lFwUFjbkEjN,CarNo0,1,2024-07-25 03:50:19
IjUTM6YlMbPqCssN6lFwUFjbkEjN,CarNo1,0,0
IjUTM6YlMbPqCssN6lFwUFjbkEjN,CarNo2,1,2024-07-29 03:50:19
IjUTM6YlMbPqCssN6lFwUFjbkEjN,CarNo3,0,0
IjUTM6YlMbPqCssN6lFwUFjbkEjN,CarNo4,1,2024-07-31 03:50:19
jZQWJoWTnvFmOt4UVaDd82Z4XgG2,CarNo0,1,2024-07-06 09:04:17
jZQWJoWTnvFmOt4UVaDd82Z4XgG2,CarNo1,0,0
jZQWJoWTnvFmOt4UVaDd82Z4XgG2,CarNo2,1,2024-07-10 09:04:17
jZQWJoWTnvFmOt4UVaDd82Z4XgG2,CarNo3,0,0
jZQWJoWTnvFmOt4UVaDd82Z4XgG2,CarNo4,1,2024-07-12 09:04:17
RnV7F1HaEfaZZE85lPnSh0tt2xPO,CarNo0,1,2024-08-07 17:12:07
RnV7F1HaEfaZZE85lPnSh0tt2xPO,CarNo1,1,2024-07-17 12:55:20
RnV7F1HaEfaZZE85lPnSh0tt2xPO,CarNo2,1,2024-08-05 16:36:35
RnV7F1HaEfaZZE85lPnSh0tt2xPO,CarNo3,0,0
RnV7F1HaEfaZZE85lPnSh0tt2xPO,CarNo4,1,2024-07-19 17:53:21
LpaJpmRxBufpIpyl4qxKdT6NnpzQ,CarNo0,1,2024-08-07 17:12:07
LpaJpmRxBufpIpyl4qxKdT6NnpzQ,CarNo1,0,0
LpaJpmRxBufpIpyl4qxKdT6NnpzQ,CarNo2,0,0
LpaJpmRxBufpIpyl4qxKdT6NnpzQ,CarNo3,1,2024-07-09 11:21:17
LpaJpmRxBufpIpyl4qxKdT6NnpzQ,CarNo4,0,0
zFwJTOCkJhW2v4R8jdXPXdtjDK70,CarNo0,1,2024-07-29 07:39:58
zFwJTOCkJhW2v4R8jdXPXdtjDK70,CarNo1,0,0
zFwJTOCkJhW2v4R8jdXPXdtjDK70,CarNo2,1,2024-08-02 07:39:58
zFwJTOCkJhW2v4R8jdXPXdtjDK70,CarNo3,0,0
zFwJTOCkJhW2v4R8jdXPXdtjDK70,CarNo4,1,2024-08-04 07:39:58
7xhqS0iekCY3i37lgFyHlVQBCmHd,CarNo0,1,2024-08-03 12:05:49
7xhqS0iekCY3i37lgFyHlVQBCmHd,CarNo1,1,2024-08-06 12:05:49
7xhqS0iekCY3i37lgFyHlVQBCmHd,CarNo2,0,0
7xhqS0iekCY3i37lgFyHlVQBCmHd,CarNo3,0,0
7xhqS0iekCY3i37lgFyHlVQBCmHd,CarNo4,0,0
LnTD7KnkOEvKKil8XhuzUvjynEnm,CarNo0,1,2024-07-05 12:21:20
LnTD7KnkOEvKKil8XhuzUvjynEnm,CarNo1,0,0
LnTD7KnkOEvKKil8XhuzUvjynEnm,CarNo2,1,2024-07-09 12:21:20
LnTD7KnkOEvKKil8XhuzUvjynEnm,CarNo3,1,2024-07-10 12:21:20
LnTD7KnkOEvKKil8XhuzUvjynEnm,CarNo4,0,0
zsOpQuQZv70ZthPm0Q9xkOonEvGf,CarNo0,1,2024-07-31 06:07:35
zsOpQuQZv70ZthPm0Q9xkOonEvGf,CarNo1,1,2024-08-03 06:07:35
zsOpQuQZv70ZthPm0Q9xkOonEvGf,CarNo2,1,2024-08-04 06:07:35
zsOpQuQZv70ZthPm0Q9xkOonEvGf,CarNo3,0,0
zsOpQuQZv70ZthPm0Q9xkOonEvGf,CarNo4,1,2024-08-06 06:07:35
c68RbY09dFYGyIGIwkzl4oFnuryL,CarNo0,1,2024-07-19 09:36:12
c68RbY09dFYGyIGIwkzl4oFnuryL,CarNo1,0,0
c68RbY09dFYGyIGIwkzl4oFnuryL,CarNo2,1,2024-07-23 09:36:12
c68RbY09dFYGyIGIwkzl4oFnuryL,CarNo3,0,0
c68RbY09dFYGyIGIwkzl4oFnuryL,CarNo4,0,0
gNyfPLzUxUzUlhWzYoOffE7oTh9y,CarNo0,1,2024-08-07 17:12:07
gNyfPLzUxUzUlhWzYoOffE7oTh9y,CarNo1,0,0
gNyfPLzUxUzUlhWzYoOffE7oTh9y,CarNo2,0,0
gNyfPLzUxUzUlhWzYoOffE7oTh9y,CarNo3,1,2024-08-01 01:07:38
gNyfPLzUxUzUlhWzYoOffE7oTh9y,CarNo4,1,2024-07-12 04:34:54
B3DFWMPcFXtY3GxozY7frzelzKse,CarNo0,1,2024-07-12 13:00:45
B3DFWMPcFXtY3GxozY7frzelzKse,CarNo1,1,2024-07-15 13:00:45
B3DFWMPcFXtY3GxozY7frzelzKse,CarNo2,0,0
B3DFWMPcFXtY3GxozY7frzelzKse,CarNo3,1,2024-07-17 13:00:45
B3DFWMPcFXtY3GxozY7frzelzKse,CarNo4,0,0
8aPZnsIyp2ymcoFXGs0mPD1pqMvj,CarNo0,1,2024-08-07 17:12:07
8aPZnsIyp2ymcoFXGs0mPD1pqMvj,CarNo1,0,0
8aPZnsIyp2ymcoFXGs0mPD1pqMvj,CarNo2,0,0
8aPZnsIyp2ymcoFXGs0mPD1pqMvj,CarNo3,1,2024-07-28 05:49:31
8aPZnsIyp2ymcoFXGs0mPD1pqMvj,CarNo4,0,0
p2TqOZLfGLszHqWwzG7uJVsuFfeB,CarNo0,1,2024-08-01 21:39:55
p2TqOZLfGLszHqWwzG7uJVsuFfeB,CarNo1,0,0
p2TqOZLfGLszHqWwzG7uJVsuFfeB,CarNo2,1,2024-08-05 21:39:55
p2TqOZLfGLszHqWwzG7uJVsuFfeB,CarNo3,0,0
p2TqOZLfGLszHqWwzG7uJVsuFfeB,CarNo4,0,0
f7AVSXhUYpVVTk7HyWqwckgR1avf,CarNo0,1,2024-07-19 23:02:53
f7AVSXhUYpVVTk7HyWqwckgR1avf,CarNo1,0,0
f7AVSXhUYpVVTk7HyWqwckgR1avf,CarNo2,1,2024-07-23 23:02:53
f7AVSXhUYpVVTk7HyWqwckgR1avf,CarNo3,1,2024-07-24 23:02:53
f7AVSXhUYpVVTk7HyWqwckgR1avf,CarNo4,1,2024-07-25 23:02:53
v9MGV4sazmd9UFrXWVCvwfobQszm,CarNo0,1,2024-08-07 17:12:07
v9MGV4sazmd9UFrXWVCvwfobQszm,CarNo1,0,0
v9MGV4sazmd9UFrXWVCvwfobQszm,CarNo2,1,2024-07-22 15:01:50
v9MGV4sazmd9UFrXWVCvwfobQszm,CarNo3,0,0
v9MGV4sazmd9UFrXWVCvwfobQszm,CarNo4,1,2024-07-21 02:39:28
6wZaHsKDrUTfLj7nBzCAMZlBcNQ0,CarNo0,1,2024-07-20 03:01:13
6wZaHsKDrUTfLj7nBzCAMZlBcNQ0,CarNo1,0,0
6wZaHsKDrUTfLj7nBzCAMZlBcNQ0,CarNo2,0,0
6wZaHsKDrUTfLj7nBzCAMZlBcNQ0,CarNo3,1,2024-07-25 03:01:13
6wZaHsKDrUTfLj7nBzCAMZlBcNQ0,CarNo4,0,0
FPDBrXKnwE45YYJhXEbvASUDcmJX,CarNo0,1,2024-08-02 02:17:59
FPDBrXKnwE45YYJhXEbvASUDcmJX,CarNo1,0,0
FPDBrXKnwE45YYJhXEbvASUDcmJX,CarNo2,1,2024-08-06 02:17:59
FPDBrXKnwE45YYJhXEbvASUDcmJX,CarNo3,0,0
FPDBrXKnwE45YYJhXEbvASUDcmJX,CarNo4,0,0
AfazfAk6YDYZy921N54nQEZVETWF,CarNo0,1,2024-08-07 17:12:07
AfazfAk6YDYZy921N54nQEZVETWF,CarNo1,1,2024-07-11 05:37:39
AfazfAk6YDYZy921N54nQEZVETWF,CarNo2,1,2024-07-05 04:07:45
AfazfAk6YDYZy921N54nQEZVETWF,CarNo3,0,0
AfazfAk6YDYZy921N54nQEZVETWF,CarNo4,0,0
2YwkXMvbApUaHBUTBv7Lnv83e1uh,CarNo0,1,2024-08-07 17:12:07
2YwkXMvbApUaHBUTBv7Lnv83e1uh,CarNo1,0,0
2YwkXMvbApUaHBUTBv7Lnv83e1uh,CarNo2,0,0
2YwkXMvbApUaHBUTBv7Lnv83e1uh,CarNo3,0,0
2YwkXMvbApUaHBUTBv7Lnv83e1uh,CarNo4,0,0
q1OcGIL8oEIFLujkuIM8tglRpsO6,CarNo0,1,2024-08-07 17:12:07
q1OcGIL8oEIFLujkuIM8tglRpsO6,CarNo1,1,2024-07-28 01:56:04
q1OcGIL8oEIFLujkuIM8tglRpsO6,CarNo2,0,0
q1OcGIL8oEIFLujkuIM8tglRpsO6,CarNo3,1,2024-07-31 02:33:31
q1OcGIL8oEIFLujkuIM8tglRpsO6,CarNo4,1,2024-07-11 15:51:29
Yg3ppJ9AMFqkoEF7hObyzxOjxjUF,CarNo0,1,2024-08-07 17:12:07
Yg3ppJ9AMFqkoEF7hObyzxOjxjUF,CarNo1,1,2024-07-07 02:49:40
Yg3ppJ9AMFqkoEF7hObyzxOjxjUF,CarNo2,0,0
Yg3ppJ9AMFqkoEF7hObyzxOjxjUF,CarNo3,1,2024-07-27 12:28:37
Yg3ppJ9AMFqkoEF7hObyzxOjxjUF,CarNo4,1,2024-07-17 16:51:12
sqDfaDeK0BYFrVv1eCPyHqGHULMd,CarNo0,1,2024-08-07 17:12:07
sqDfaDeK0BYFrVv1eCPyHqGHULMd,CarNo1,0,0
sqDfaDeK0BYFrVv1eCPyHqGHULMd,CarNo2,1,2024-08-06 13:51:49
sqDfaDeK0BYFrVv1eCPyHqGHULMd,CarNo3,0,0
sqDfaDeK0BYFrVv1eCPyHqGHULMd,CarNo4,0,0
KSVCIz6XHv6pDVV1Kd5xNkvIFFzp,CarNo0,1,2024-08-07 17:12:07
KSVCIz6XHv6pDVV1Kd5xNkvIFFzp,CarNo1,1,2024-07-19 01:13:44
KSVCIz6XHv6pDVV1Kd5xNkvIFFzp,CarNo2,1,2024-08-05 03:35:55
KSVCIz6XHv6pDVV1Kd5xNkvIFFzp,CarNo3,1,2024-07-22 20:37:07
KSVCIz6XHv6pDVV1Kd5xNkvIFFzp,CarNo4,1,2024-07-25 03:17:23
GX5IZqmOvzarl10CeektA9r3kQgX,CarNo0,1,2024-07-21 16:39:13
GX5IZqmOvzarl10CeektA9r3kQgX,CarNo1,1,2024-07-24 16:39:13
GX5IZqmOvzarl10CeektA9r3kQgX,CarNo2,0,0
GX5IZqmOvzarl10CeektA9r3kQgX,CarNo3,1,2024-07-26 16:39:13
GX5IZqmOvzarl10CeektA9r3kQgX,CarNo4,1,2024-07-27 16:39:13
H9HnkhV5GlRkBH9aQaO9G8vIX7Ix,CarNo0,1,2024-07-10 18:16:42
H9HnkhV5GlRkBH9aQaO9G8vIX7Ix,CarNo1,0,0
H9HnkhV5GlRkBH9aQaO9G8vIX7Ix,CarNo2,0,0
H9HnkhV5GlRkBH9aQaO9G8vIX7Ix,CarNo3,0,0
H9HnkhV5GlRkBH9aQaO9G8vIX7Ix,CarNo4,1,2024-07-16 18:16:42
dbccdFCdnHKSydQ5RL8nyVVKgrLv,CarNo0,1,2024-08-05 14:41:23
dbccdFCdnHKSydQ5RL8nyVVKgrLv,CarNo1,0,0
dbccdFCdnHKSydQ5RL8nyVVKgrLv,CarNo2,0,0
dbccdFCdnHKSydQ5RL8nyVVKgrLv,CarNo3,0,0
dbccdFCdnHKSydQ5RL8nyVVKgrLv,CarNo4,1,2024-08-11 14:41:23
riE7cTIXCxj9OSP4mwwsornNkpKI,CarNo0,1,2024-08-07 17:12:07
riE7cTIXCxj9OSP4mwwsornNkpKI,CarNo1,1,2024-07-26 02:33:24
riE7cTIXCxj9OSP4mwwsornNkpKI,CarNo2,1,2024-07-08 09:03:50
riE7cTIXCxj9OSP4mwwsornNkpKI,CarNo3,0,0
riE7cTIXCxj9OSP4mwwsornNkpKI,CarNo4,0,0
olxtu07ggvHcrRGUDUUmjFM2dqEt,CarNo0,1,2024-07-29 01:07:40
olxtu07ggvHcrRGUDUUmjFM2dqEt,CarNo1,0,0
olxtu07ggvHcrRGUDUUmjFM2dqEt,CarNo2,1,2024-08-02 01:07:40
olxtu07ggvHcrRGUDUUmjFM2dqEt,CarNo3,0,0
olxtu07ggvHcrRGUDUUmjFM2dqEt,CarNo4,0,0
vJBSEtRSwDNUu69ja7szquYi6qv1,CarNo0,1,2024-08-07 17:12:07
vJBSEtRSwDNUu69ja7szquYi6qv1,CarNo1,0,0
vJBSEtRSwDNUu69ja7szquYi6qv1,CarNo2,0,0
vJBSEtRSwDNUu69ja7szquYi6qv1,CarNo3,1,2024-07-31 17:32:07
vJBSEtRSwDNUu69ja7szquYi6qv1,CarNo4,1,2024-07-24 03:40:22
oJsVYPw8L1vNpBGekDh1SERJger5,CarNo0,1,2024-08-07 17:12:07
oJsVYPw8L1vNpBGekDh1SERJger5,CarNo1,0,0
oJsVYPw8L1vNpBGekDh1SERJger5,CarNo2,0,0
oJsVYPw8L1vNpBGekDh1SERJger5,CarNo3,0,0
oJsVYPw8L1vNpBGekDh1SERJger5,CarNo4,0,0
RTpvD5i2dYjfw4X5MnAxdRAgFSw8,CarNo0,1,2024-08-07 17:12:07
RTpvD5i2dYjfw4X5MnAxdRAgFSw8,CarNo1,0,0
RTpvD5i2dYjfw4X5MnAxdRAgFSw8,CarNo2,0,0
RTpvD5i2dYjfw4X5MnAxdRAgFSw8,CarNo3,0,0
RTpvD5i2dYjfw4X5MnAxdRAgFSw8,CarNo4,0,0
xan8lBAnNk0nB6ERBcqOCd7u3qx9,CarNo0,1,2024-08-06 04:00:10
xan8lBAnNk0nB6ERBcqOCd7u3qx9,CarNo1,1,2024-08-09 04:00:10
xan8lBAnNk0nB6ERBcqOCd7u3qx9,CarNo2,0,0
xan8lBAnNk0nB6ERBcqOCd7u3qx9,CarNo3,1,2024-08-11 04:00:10
xan8lBAnNk0nB6ERBcqOCd7u3qx9,CarNo4,0,0
V1kP8cxDyN9BJ1n4QITUlu07hq4C,CarNo0,1,2024-08-07 17:12:07
V1kP8cxDyN9BJ1n4QITUlu07hq4C,CarNo1,0,0
V1kP8cxDyN9BJ1n4QITUlu07hq4C,CarNo2,0,0
V1kP8cxDyN9BJ1n4QITUlu07hq4C,CarNo3,1,2024-08-07 20:00:29
V1kP8cxDyN9BJ1n4QITUlu07hq4C,CarNo4,0,0
cF0Wyj9VVJCTn4WdGGChzhMOd4eg,CarNo0,1,2024-08-07 17:12:07
cF0Wyj9VVJCTn4WdGGChzhMOd4eg,CarNo1,0,0
cF0Wyj9VVJCTn4WdGGChzhMOd4eg,CarNo2,0,0
cF0Wyj9VVJCTn4WdGGChzhMOd4eg,CarNo3,0,0
cF0Wyj9VVJCTn4WdGGChzhMOd4eg,CarNo4,1,2024-08-04 12:58:23
Qjfa0EIZAO49Y2bQfBvMx7BNSqpN,CarNo0,1,2024-08-07 17:12:07
Qjfa0EIZAO49Y2bQfBvMx7BNSqpN,CarNo1,0,0
Qjfa0EIZAO49Y2bQfBvMx7BNSqpN,CarNo2,1,2024-07-22 08:28:24
Qjfa0EIZAO49Y2bQfBvMx7BNSqpN,CarNo3,1,2024-07-25 22:54:51
Qjfa0EIZAO49Y2bQfBvMx7BNSqpN,CarNo4,1,2024-07-06 04:23:41
kFZyCFC3ycymzjztmbkXl3fB9xyW,CarNo0,1,2024-08-07 17:12:07
kFZyCFC3ycymzjztmbkXl3fB9xyW,CarNo1,1,2024-07-11 14:11:05
kFZyCFC3ycymzjztmbkXl3fB9xyW,CarNo2,0,0
kFZyCFC3ycymzjztmbkXl3fB9xyW,CarNo3,1,2024-08-05 07:48:23
kFZyCFC3ycymzjztmbkXl3fB9xyW,CarNo4,0,0
KPrEYumhaTuHlHRgnkUu97BrpRXe,CarNo0,1,2024-07-10 11:39:28
KPrEYumhaTuHlHRgnkUu97BrpRXe,CarNo1,1,2024-07-13 11:39:28
KPrEYumhaTuHlHRgnkUu97BrpRXe,CarNo2,1,2024-07-14 11:39:28
KPrEYumhaTuHlHRgnkUu97BrpRXe,CarNo3,1,2024-07-15 11:39:28
KPrEYumhaTuHlHRgnkUu97BrpRXe,CarNo4,1,2024-07-16 11:39:28
hC8mes8W8tIrr4RWksIa7ApleMjY,CarNo0,1,2024-08-07 17:12:07
hC8mes8W8tIrr4RWksIa7ApleMjY,CarNo1,1,2024-07-31 17:37:41
hC8mes8W8tIrr4RWksIa7ApleMjY,CarNo2,0,0
hC8mes8W8tIrr4RWksIa7ApleMjY,CarNo3,1,2024-07-27 22:59:56
hC8mes8W8tIrr4RWksIa7ApleMjY,CarNo4,1,2024-07-21 01:26:29
v3v6nJrTo6zFJh2Iz4G8vxY6nj6w,CarNo0,1,2024-07-14 01:16:22
v3v6nJrTo6zFJh2Iz4G8vxY6nj6w,CarNo1,1,2024-07-17 01:16:22
v3v6nJrTo6zFJh2Iz4G8vxY6nj6w,CarNo2,0,0
v3v6nJrTo6zFJh2Iz4G8vxY6nj6w,CarNo3,1,2024-07-19 01:16:22
v3v6nJrTo6zFJh2Iz4G8vxY6nj6w,CarNo4,1,2024-07-20 01:16:22
9zXpoRkpQnOLxyDv2Nwh4OGa0tF9,CarNo0,1,2024-07-13 19:40:57
9zXpoRkpQnOLxyDv2Nwh4OGa0tF9,CarNo1,0,0
9zXpoRkpQnOLxyDv2Nwh4OGa0tF9,CarNo2,0,0
9zXpoRkpQnOLxyDv2Nwh4OGa0tF9,CarNo3,1,2024-07-18 19:40:57
9zXpoRkpQnOLxyDv2Nwh4OGa0tF9,CarNo4,0,0
5Ut31Z3JLRQ5VEnOHsbfIiDngsn6,CarNo0,1,2024-08-07 00:08:52
5Ut31Z3JLRQ5VEnOHsbfIiDngsn6,CarNo1,0,0
5Ut31Z3JLRQ5VEnOHsbfIiDngsn6,CarNo2,0,0
5Ut31Z3JLRQ5VEnOHsbfIiDngsn6,CarNo3,1,2024-08-12 00:08:52
5Ut31Z3JLRQ5VEnOHsbfIiDngsn6,CarNo4,1,2024-08-13 00:08:52
v2PJktox4UaAxBM8FkRjqRBuq4xl,CarNo0,1,2024-08-07 17:12:07
v2PJktox4UaAxBM8FkRjqRBuq4xl,CarNo1,0,0
v2PJktox4UaAxBM8FkRjqRBuq4xl,CarNo2,1,2024-07-12 10:52:55
v2PJktox4UaAxBM8FkRjqRBuq4xl,CarNo3,1,2024-07-27 12:10:23
v2PJktox4UaAxBM8FkRjqRBuq4xl,CarNo4,1,2024-07-24 13:16:21
PC1DkTqtsXwuZDWtiwbV3hz7ywQF,CarNo0,1,2024-07-18 04:21:19
PC1DkTqtsXwuZDWtiwbV3hz7ywQF,CarNo1,1,2024-07-21 04:21:19
PC1DkTqtsXwuZDWtiwbV3hz7ywQF,CarNo2,1,2024-07-22 04:21:19
PC1DkTqtsXwuZDWtiwbV3hz7ywQF,CarNo3,1,2024-07-23 04:21:19
PC1DkTqtsXwuZDWtiwbV3hz7ywQF,CarNo4,1,2024-07-24 04:21:19
G7vfj6tBOWdyBPF6JSVsoueSOKZj,CarNo0,1,2024-07-20 03:07:51
G7vfj6tBOWdyBPF6JSVsoueSOKZj,CarNo1,1,2024-07-23 03:07:51
G7vfj6tBOWdyBPF6JSVsoueSOKZj,CarNo2,0,0
G7vfj6tBOWdyBPF6JSVsoueSOKZj,CarNo3,0,0
G7vfj6tBOWdyBPF6JSVsoueSOKZj,CarNo4,0,0
4LUCh0ruuxlkBB1pxbNkT5eSR7Kb,CarNo0,1,2024-07-30 05:30:41
4LUCh0ruuxlkBB1pxbNkT5eSR7Kb,CarNo1,1,2024-08-02 05:30:41
4LUCh0ruuxlkBB1pxbNkT5eSR7Kb,CarNo2,0,0
4LUCh0ruuxlkBB1pxbNkT5eSR7Kb,CarNo3,1,2024-08-04 05:30:41
4LUCh0ruuxlkBB1pxbNkT5eSR7Kb,CarNo4,0,0
YeJCriKMlMZg6VmpjSzwhuy2v283,CarNo0,1,2024-08-07 17:12:07
YeJCriKMlMZg6VmpjSzwhuy2v283,CarNo1,0,0
YeJCriKMlMZg6VmpjSzwhuy2v283,CarNo2,0,0
YeJCriKMlMZg6VmpjSzwhuy2v283,CarNo3,1,2024-07-09 17:10:22
YeJCriKMlMZg6VmpjSzwhuy2v283,CarNo4,1,2024-07-19 05:28:16
9oZgW9HCCdpzhAoagUckGWMKGd4g,CarNo0,1,2024-07-29 15:58:37
9oZgW9HCCdpzhAoagUckGWMKGd4g,CarNo1,1,2024-08-01 15:58:37
9oZgW9HCCdpzhAoagUckGWMKGd4g,CarNo2,0,0
9oZgW9HCCdpzhAoagUckGWMKGd4g,CarNo3,0,0
9oZgW9HCCdpzhAoagUckGWMKGd4g,CarNo4,0,0
gseq3y0F0qvRgCzbtSFMCggrnORL,CarNo0,1,2024-07-28 06:21:46
gseq3y0F0qvRgCzbtSFMCggrnORL,CarNo1,1,2024-07-31 06:21:46
gseq3y0F0qvRgCzbtSFMCggrnORL,CarNo2,1,2024-08-01 06:21:46
gseq3y0F0qvRgCzbtSFMCggrnORL,CarNo3,1,2024-08-02 06:21:46
gseq3y0F0qvRgCzbtSFMCggrnORL,CarNo4,0,0
oWQGSfSWgmXlnr9QobNdt8bJILcm,CarNo0,1,2024-07-20 13:40:51
oWQGSfSWgmXlnr9QobNdt8bJILcm,CarNo1,1,2024-07-23 13:40:51
oWQGSfSWgmXlnr9QobNdt8bJILcm,CarNo2,0,0
oWQGSfSWgmXlnr9QobNdt8bJILcm,CarNo3,0,0
oWQGSfSWgmXlnr9QobNdt8bJILcm,CarNo4,0,0
zfSp6MSSeDG2NZGUWPuN7VtAR9K7,CarNo0,1,2024-07-23 20:33:03
zfSp6MSSeDG2NZGUWPuN7VtAR9K7,CarNo1,0,0
zfSp6MSSeDG2NZGUWPuN7VtAR9K7,CarNo2,0,0
zfSp6MSSeDG2NZGUWPuN7VtAR9K7,CarNo3,0,0
zfSp6MSSeDG2NZGUWPuN7VtAR9K7,CarNo4,1,2024-07-29 20:33:03
c8BEL1n0EtyCDW3aL8duHnLM5srs,CarNo0,1,2024-08-07 17:12:07
c8BEL1n0EtyCDW3aL8duHnLM5srs,CarNo1,0,0
c8BEL1n0EtyCDW3aL8duHnLM5srs,CarNo2,1,2024-07-26 14:54:05
c8BEL1n0EtyCDW3aL8duHnLM5srs,CarNo3,0,0
c8BEL1n0EtyCDW3aL8duHnLM5srs,CarNo4,0,0
TDsXrcrNe23SkAMW5IvHcoXcPrAy,CarNo0,1,2024-08-07 17:12:07
TDsXrcrNe23SkAMW5IvHcoXcPrAy,CarNo1,1,2024-07-29 15:45:27
TDsXrcrNe23SkAMW5IvHcoXcPrAy,CarNo2,0,0
TDsXrcrNe23SkAMW5IvHcoXcPrAy,CarNo3,1,2024-07-17 11:59:02
TDsXrcrNe23SkAMW5IvHcoXcPrAy,CarNo4,0,0
ZuVhLRzbYCqVW3Cq1OUk1qZse1Mw,CarNo0,1,2024-08-07 17:12:07
ZuVhLRzbYCqVW3Cq1OUk1qZse1Mw,CarNo1,0,0
ZuVhLRzbYCqVW3Cq1OUk1qZse1Mw,CarNo2,0,0
ZuVhLRzbYCqVW3Cq1OUk1qZse1Mw,CarNo3,0,0
ZuVhLRzbYCqVW3Cq1OUk1qZse1Mw,CarNo4,1,2024-07-27 14:36:08
VRtApYFHqbsjznJyOuJW3C7e13t8,CarNo0,1,2024-07-05 08:06:27
VRtApYFHqbsjznJyOuJW3C7e13t8,CarNo1,0,0
VRtApYFHqbsjznJyOuJW3C7e13t8,CarNo2,1,2024-07-09 08:06:27
VRtApYFHqbsjznJyOuJW3C7e13t8,CarNo3,1,2024-07-10 08:06:27
VRtApYFHqbsjznJyOuJW3C7e13t8,CarNo4,0,0
2S5wXulwgbkWR9TKVi5PYameYiCq,CarNo0,1,2024-08-01 05:25:57
2S5wXulwgbkWR9TKVi5PYameYiCq,CarNo1,0,0
2S5wXulwgbkWR9TKVi5PYameYiCq,CarNo2,0,0
2S5wXulwgbkWR9TKVi5PYameYiCq,CarNo3,1,2024-08-06 05:25:57
2S5wXulwgbkWR9TKVi5PYameYiCq,CarNo4,1,2024-08-07 05:25:57
iM05RivsK0UTDqFOcYoQWa1bzzg4,CarNo0,1,2024-07-06 08:39:50
iM05RivsK0UTDqFOcYoQWa1bzzg4,CarNo1,0,0
iM05RivsK0UTDqFOcYoQWa1bzzg4,CarNo2,1,2024-07-10 08:39:50
iM05RivsK0UTDqFOcYoQWa1bzzg4,CarNo3,1,2024-07-11 08:39:50
iM05RivsK0UTDqFOcYoQWa1bzzg4,CarNo4,0,0
F517GYgbwp4jH26wX3k6JFKRlaxA,CarNo0,1,2024-08-07 17:12:07
F517GYgbwp4jH26wX3k6JFKRlaxA,CarNo1,1,2024-07-24 13:04:40
F517GYgbwp4jH26wX3k6JFKRlaxA,CarNo2,1,2024-07-09 03:54:26
F517GYgbwp4jH26wX3k6JFKRlaxA,CarNo3,0,0
F517GYgbwp4jH26wX3k6JFKRlaxA,CarNo4,1,2024-07-06 17:09:02
dNSuGGND42NjUSQzYGferqS6vcff,CarNo0,1,2024-07-06 04:55:31
dNSuGGND42NjUSQzYGferqS6vcff,CarNo1,1,2024-07-09 04:55:31
dNSuGGND42NjUSQzYGferqS6vcff,CarNo2,1,2024-07-10 04:55:31
dNSuGGND42NjUSQzYGferqS6vcff,CarNo3,0,0
dNSuGGND42NjUSQzYGferqS6vcff,CarNo4,0,0
4rK5yyeD1ghITdszt8c1moeHzMFc,CarNo0,1,2024-08-07 17:12:07
4rK5yyeD1ghITdszt8c1moeHzMFc,CarNo1,1,2024-07-13 14:59:52
4rK5yyeD1ghITdszt8c1moeHzMFc,CarNo2,0,0
4rK5yyeD1ghITdszt8c1moeHzMFc,CarNo3,1,2024-07-24 06:27:31
4rK5yyeD1ghITdszt8c1moeHzMFc,CarNo4,1,2024-07-11 07:43:06
2MTKFsq33wIoUGdskR56DhiOve58,CarNo0,1,2024-08-07 17:12:07
2MTKFsq33wIoUGdskR56DhiOve58,CarNo1,0,0
2MTKFsq33wIoUGdskR56DhiOve58,CarNo2,0,0
2MTKFsq33wIoUGdskR56DhiOve58,CarNo3,0,0
2MTKFsq33wIoUGdskR56DhiOve58,CarNo4,1,2024-07-30 17:37:24
3yjDNXQeetYGAEn2QeHrYzXJWTEC,CarNo0,1,2024-08-07 17:12:07
3yjDNXQeetYGAEn2QeHrYzXJWTEC,CarNo1,0,0
3yjDNXQeetYGAEn2QeHrYzXJWTEC,CarNo2,1,2024-07-05 07:29:00
3yjDNXQeetYGAEn2QeHrYzXJWTEC,CarNo3,1,2024-07-26 12:08:24
3yjDNXQeetYGAEn2QeHrYzXJWTEC,CarNo4,1,2024-07-09 07:43:59
v77G361zqoYXDSO8zwlll4IADveI,CarNo0,1,2024-07-28 03:26:41
v77G361zqoYXDSO8zwlll4IADveI,CarNo1,0,0
v77G361zqoYXDSO8zwlll4IADveI,CarNo2,0,0
v77G361zqoYXDSO8zwlll4IADveI,CarNo3,0,0
v77G361zqoYXDSO8zwlll4IADveI,CarNo4,0,0
1jZwUgNM7VVwy3VN7nS2i5x9JTWv,CarNo0,1,2024-08-07 14:50:28
1jZwUgNM7VVwy3VN7nS2i5x9JTWv,CarNo1,0,0
1jZwUgNM7VVwy3VN7nS2i5x9JTWv,CarNo2,0,0
1jZwUgNM7VVwy3VN7nS2i5x9JTWv,CarNo3,0,0
1jZwUgNM7VVwy3VN7nS2i5x9JTWv,CarNo4,0,0
JEWubemSEBOPCZ3j9mcQJGVuBt33,CarNo0,1,2024-07-22 16:09:01
JEWubemSEBOPCZ3j9mcQJGVuBt33,CarNo1,1,2024-07-25 16:09:01
JEWubemSEBOPCZ3j9mcQJGVuBt33,CarNo2,0,0
JEWubemSEBOPCZ3j9mcQJGVuBt33,CarNo3,0,0
JEWubemSEBOPCZ3j9mcQJGVuBt33,CarNo4,0,0
mmdgDGZY3IUruVfkjkhAopkgj3BW,CarNo0,1,2024-08-07 17:12:07
mmdgDGZY3IUruVfkjkhAopkgj3BW,CarNo1,0,0
mmdgDGZY3IUruVfkjkhAopkgj3BW,CarNo2,1,2024-07-26 17:43:23
mmdgDGZY3IUruVfkjkhAopkgj3BW,CarNo3,0,0
mmdgDGZY3IUruVfkjkhAopkgj3BW,CarNo4,1,2024-07-20 16:01:53
T5lTnOD4nCbzNwHHIsMwvRtnI0HD,CarNo0,1,2024-08-07 17:12:07
T5lTnOD4nCbzNwHHIsMwvRtnI0HD,CarNo1,1,2024-07-31 18:38:54
T5lTnOD4nCbzNwHHIsMwvRtnI0HD,CarNo2,1,2024-07-10 22:01:12
T5lTnOD4nCbzNwHHIsMwvRtnI0HD,CarNo3,0,0
T5lTnOD4nCbzNwHHIsMwvRtnI0HD,CarNo4,0,0
aCluDRGNQNqNvMYUj9DjOAua2K1i,CarNo0,1,2024-08-07 17:12:07
aCluDRGNQNqNvMYUj9DjOAua2K1i,CarNo1,1,2024-07-09 16:49:31
aCluDRGNQNqNvMYUj9DjOAua2K1i,CarNo2,0,0
aCluDRGNQNqNvMYUj9DjOAua2K1i,CarNo3,1,2024-07-10 20:24:49
aCluDRGNQNqNvMYUj9DjOAua2K1i,CarNo4,1,2024-07-07 02:30:04
kn9aOLeJK2WDhG6GPxIvBi8wZhsy,CarNo0,1,2024-08-07 17:12:07
kn9aOLeJK2WDhG6GPxIvBi8wZhsy,CarNo1,1,2024-07-08 10:57:52
kn9aOLeJK2WDhG6GPxIvBi8wZhsy,CarNo2,0,0
kn9aOLeJK2WDhG6GPxIvBi8wZhsy,CarNo3,1,2024-07-13 09:22:23
kn9aOLeJK2WDhG6GPxIvBi8wZhsy,CarNo4,1,2024-07-31 17:17:27
DG42Ytu3QXK49BG86gMjPYxmIBkv,CarNo0,1,2024-08-07 17:12:07
DG42Ytu3QXK49BG86gMjPYxmIBkv,CarNo1,0,0
DG42Ytu3QXK49BG86gMjPYxmIBkv,CarNo2,1,2024-07-05 16:16:49
DG42Ytu3QXK49BG86gMjPYxmIBkv,CarNo3,0,0
DG42Ytu3QXK49BG86gMjPYxmIBkv,CarNo4,1,2024-07-18 21:35:22
xO3KVjo9WswrIJjj6Y6zl2FTJ0zL,CarNo0,1,2024-07-24 21:02:06
xO3KVjo9WswrIJjj6Y6zl2FTJ0zL,CarNo1,1,2024-07-27 21:02:06
xO3KVjo9WswrIJjj6Y6zl2FTJ0zL,CarNo2,0,0
xO3KVjo9WswrIJjj6Y6zl2FTJ0zL,CarNo3,1,2024-07-29 21:02:06
xO3KVjo9WswrIJjj6Y6zl2FTJ0zL,CarNo4,0,0
qGGWQggeTUk4XoJMTIT0mqPSVh7R,CarNo0,1,2024-07-25 15:31:05
qGGWQggeTUk4XoJMTIT0mqPSVh7R,CarNo1,0,0
qGGWQggeTUk4XoJMTIT0mqPSVh7R,CarNo2,0,0
qGGWQggeTUk4XoJMTIT0mqPSVh7R,CarNo3,1,2024-07-30 15:31:05
qGGWQggeTUk4XoJMTIT0mqPSVh7R,CarNo4,0,0
UVgGqkFu472Kasv2vnln2htnqSiF,CarNo0,1,2024-08-07 17:12:07
UVgGqkFu472Kasv2vnln2htnqSiF,CarNo1,0,0
UVgGqkFu472Kasv2vnln2htnqSiF,CarNo2,0,0
UVgGqkFu472Kasv2vnln2htnqSiF,CarNo3,0,0
UVgGqkFu472Kasv2vnln2htnqSiF,CarNo4,1,2024-08-01 13:03:01
8R5Zd0MaDYY0OSAswM5PzSpKVRuS,CarNo0,1,2024-07-19 18:25:44
8R5Zd0MaDYY0OSAswM5PzSpKVRuS,CarNo1,1,2024-07-22 18:25:44
8R5Zd0MaDYY0OSAswM5PzSpKVRuS,CarNo2,0,0
8R5Zd0MaDYY0OSAswM5PzSpKVRuS,CarNo3,1,2024-07-24 18:25:44
8R5Zd0MaDYY0OSAswM5PzSpKVRuS,CarNo4,1,2024-07-25 18:25:44
Jri30ES1Zn82fQGmwkb6zfgkzQln,CarNo0,1,2024-08-07 17:12:07
Jri30ES1Zn82fQGmwkb6zfgkzQln,CarNo1,0,0
Jri30ES1Zn82fQGmwkb6zfgkzQln,CarNo2,1,2024-08-04 17:51:47
Jri30ES1Zn82fQGmwkb6zfgkzQln,CarNo3,1,2024-07-30 13:32:45
Jri30ES1Zn82fQGmwkb6zfgkzQln,CarNo4,1,2024-07-25 16:54:43
ZiSOdXyZALYxcjIX7yzQUdiPTu8n,CarNo0,1,2024-08-03 23:25:13
ZiSOdXyZALYxcjIX7yzQUdiPTu8n,CarNo1,0,0
ZiSOdXyZALYxcjIX7yzQUdiPTu8n,CarNo2,0,0
ZiSOdXyZALYxcjIX7yzQUdiPTu8n,CarNo3,0,0
ZiSOdXyZALYxcjIX7yzQUdiPTu8n,CarNo4,1,2024-08-09 23:25:13
qimuxa3hM6kDKu6oH9CFP3G6zZAx,CarNo0,1,2024-08-07 17:12:07
qimuxa3hM6kDKu6oH9CFP3G6zZAx,CarNo1,1,2024-07-29 14:49:46
qimuxa3hM6kDKu6oH9CFP3G6zZAx,CarNo2,0,0
qimuxa3hM6kDKu6oH9CFP3G6zZAx,CarNo3,1,2024-07-16 22:20:44
qimuxa3hM6kDKu6oH9CFP3G6zZAx,CarNo4,1,2024-08-02 16:04:46
yC7JD2pqNtNLiFy0RNa6ZSGirXIX,CarNo0,1,2024-07-10 18:41:38
yC7JD2pqNtNLiFy0RNa6ZSGirXIX,CarNo1,0,0
yC7JD2pqNtNLiFy0RNa6ZSGirXIX,CarNo2,1,2024-07-14 18:41:38
yC7JD2pqNtNLiFy0RNa6ZSGirXIX,CarNo3,0,0
yC7JD2pqNtNLiFy0RNa6ZSGirXIX,CarNo4,0,0
Gx4ZOtYWVOToe1rdRybGJwPBkE64,CarNo0,1,2024-08-07 17:12:07
Gx4ZOtYWVOToe1rdRybGJwPBkE64,CarNo1,1,2024-07-25 10:38:41
Gx4ZOtYWVOToe1rdRybGJwPBkE64,CarNo2,0,0
Gx4ZOtYWVOToe1rdRybGJwPBkE64,CarNo3,0,0
Gx4ZOtYWVOToe1rdRybGJwPBkE64,CarNo4,1,2024-07-31 23:17:26
tHLsTrB5maZngVkwnvr7ko7qXeq3,CarNo0,1,2024-08-07 17:12:07
tHLsTrB5maZngVkwnvr7ko7qXeq3,CarNo1,0,0
tHLsTrB5maZngVkwnvr7ko7qXeq3,CarNo2,1,2024-07-18 03:49:54
tHLsTrB5maZngVkwnvr7ko7qXeq3,CarNo3,1,2024-08-07 22:24:47
tHLsTrB5maZngVkwnvr7ko7qXeq3,CarNo4,1,2024-07-24 15:55:51
wszKVAYDjb9N3FiAeFjhQbLr4Nab,CarNo0,1,2024-07-26 19:04:03
wszKVAYDjb9N3FiAeFjhQbLr4Nab,CarNo1,0,0
wszKVAYDjb9N3FiAeFjhQbLr4Nab,CarNo2,0,0
wszKVAYDjb9N3FiAeFjhQbLr4Nab,CarNo3,0,0
wszKVAYDjb9N3FiAeFjhQbLr4Nab,CarNo4,0,0
5daSwWAZjtahnJSDW3CXLepFK92S,CarNo0,1,2024-08-07 17:12:07
5daSwWAZjtahnJSDW3CXLepFK92S,CarNo1,0,0
5daSwWAZjtahnJSDW3CXLepFK92S,CarNo2,0,0
5daSwWAZjtahnJSDW3CXLepFK92S,CarNo3,0,0
5daSwWAZjtahnJSDW3CXLepFK92S,CarNo4,1,2024-07-19 18:54:13
iTII4owGY4t4AOMmeL8LpzRvXqzr,CarNo0,1,2024-07-18 00:33:21
iTII4owGY4t4AOMmeL8LpzRvXqzr,CarNo1,1,2024-07-21 00:33:21
iTII4owGY4t4AOMmeL8LpzRvXqzr,CarNo2,1,2024-07-22 00:33:21
iTII4owGY4t4AOMmeL8LpzRvXqzr,CarNo3,0,0
iTII4owGY4t4AOMmeL8LpzRvXqzr,CarNo4,0,0
eAK9gyXAQni5YhsraYJybL7PvlYz,CarNo0,1,2024-07-07 12:48:23
eAK9gyXAQni5YhsraYJybL7PvlYz,CarNo1,1,2024-07-10 12:48:23
eAK9gyXAQni5YhsraYJybL7PvlYz,CarNo2,1,2024-07-11 12:48:23
eAK9gyXAQni5YhsraYJybL7PvlYz,CarNo3,0,0
eAK9gyXAQni5YhsraYJybL7PvlYz,CarNo4,1,2024-07-13 12:48:23
d7fYAdhqRqwy9W4W85DwZMRLkdpg,CarNo0,1,2024-08-07 17:12:07
d7fYAdhqRqwy9W4W85DwZMRLkdpg,CarNo1,0,0
d7fYAdhqRqwy9W4W85DwZMRLkdpg,CarNo2,1,2024-07-11 15:47:29
d7fYAdhqRqwy9W4W85DwZMRLkdpg,CarNo3,0,0
d7fYAdhqRqwy9W4W85DwZMRLkdpg,CarNo4,0,0
OFGiVbEP4RcRZSsT4tbKuqICxp1D,CarNo0,1,2024-08-07 17:12:07
OFGiVbEP4RcRZSsT4tbKuqICxp1D,CarNo1,1,2024-07-20 05:57:27
OFGiVbEP4RcRZSsT4tbKuqICxp1D,CarNo2,0,0
OFGiVbEP4RcRZSsT4tbKuqICxp1D,CarNo3,1,2024-07-21 04:37:00
OFGiVbEP4RcRZSsT4tbKuqICxp1D,CarNo4,1,2024-07-08 06:20:37
jY2W4TpZC5Zc3L6YG1p5PMmekzpq,CarNo0,1,2024-07-07 20:18:42
jY2W4TpZC5Zc3L6YG1p5PMmekzpq,CarNo1,0,0
jY2W4TpZC5Zc3L6YG1p5PMmekzpq,CarNo2,0,0
jY2W4TpZC5Zc3L6YG1p5PMmekzpq,CarNo3,0,0
jY2W4TpZC5Zc3L6YG1p5PMmekzpq,CarNo4,0,0
Mkfxukn1NMFsqtDJ8AlIWqLW1nsv,CarNo0,1,2024-07-29 07:44:04
Mkfxukn1NMFsqtDJ8AlIWqLW1nsv,CarNo1,1,2024-08-01 07:44:04
Mkfxukn1NMFsqtDJ8AlIWqLW1nsv,CarNo2,0,0
Mkfxukn1NMFsqtDJ8AlIWqLW1nsv,CarNo3,0,0
Mkfxukn1NMFsqtDJ8AlIWqLW1nsv,CarNo4,1,2024-08-04 07:44:04
QVbtNBSd2f2q8Ug7WUv2dQkl9WCG,CarNo0,1,2024-08-07 17:12:07
QVbtNBSd2f2q8Ug7WUv2dQkl9WCG,CarNo1,1,2024-07-15 07:21:05
QVbtNBSd2f2q8Ug7WUv2dQkl9WCG,CarNo2,0,0
QVbtNBSd2f2q8Ug7WUv2dQkl9WCG,CarNo3,1,2024-07-11 23:33:47
QVbtNBSd2f2q8Ug7WUv2dQkl9WCG,CarNo4,0,0
76DQmHZt9BTIfWiqTBvSXa2C593l,CarNo0,1,2024-08-07 17:12:07
76DQmHZt9BTIfWiqTBvSXa2C593l,CarNo1,0,0
76DQmHZt9BTIfWiqTBvSXa2C593l,CarNo2,1,2024-07-12 17:45:29
76DQmHZt9BTIfWiqTBvSXa2C593l,CarNo3,1,2024-07-28 02:21:22
76DQmHZt9BTIfWiqTBvSXa2C593l,CarNo4,0,0
qdME25OLQd30m7dkpArP8rqBDBub,CarNo0,1,2024-08-07 17:12:07
qdME25OLQd30m7dkpArP8rqBDBub,CarNo1,1,2024-07-30 09:37:24
qdME25OLQd30m7dkpArP8rqBDBub,CarNo2,0,0
qdME25OLQd30m7dkpArP8rqBDBub,CarNo3,0,0
qdME25OLQd30m7dkpArP8rqBDBub,CarNo4,0,0
6ic5rK9SYj5Cz3pzIZFQnRau4Ym2,CarNo0,1,2024-08-07 17:12:07
6ic5rK9SYj5Cz3pzIZFQnRau4Ym2,CarNo1,1,2024-08-03 11:50:31
6ic5rK9SYj5Cz3pzIZFQnRau4Ym2,CarNo2,1,2024-07-12 06:26:41
6ic5rK9SYj5Cz3pzIZFQnRau4Ym2,CarNo3,0,0
6ic5rK9SYj5Cz3pzIZFQnRau4Ym2,CarNo4,1,2024-08-02 15:18:14
B6i8qJf44VAPlwXOqauN2a1qVxrQ,CarNo0,1,2024-08-07 17:12:07
B6i8qJf44VAPlwXOqauN2a1qVxrQ,CarNo1,0,0
B6i8qJf44VAPlwXOqauN2a1qVxrQ,CarNo2,0,0
B6i8qJf44VAPlwXOqauN2a1qVxrQ,CarNo3,0,0
B6i8qJf44VAPlwXOqauN2a1qVxrQ,CarNo4,1,2024-07-31 15:39:43
JrrWFIyjbFdGc9YbDiMZ5sQmZITU,CarNo0,1,2024-07-17 07:42:48
JrrWFIyjbFdGc9YbDiMZ5sQmZITU,CarNo1,1,2024-07-20 07:42:48
JrrWFIyjbFdGc9YbDiMZ5sQmZITU,CarNo2,0,0
JrrWFIyjbFdGc9YbDiMZ5sQmZITU,CarNo3,0,0
JrrWFIyjbFdGc9YbDiMZ5sQmZITU,CarNo4,0,0
SzRKLRSWaJo2a3a3FN4RfvSiJsYA,CarNo0,1,2024-07-04 16:04:45
SzRKLRSWaJo2a3a3FN4RfvSiJsYA,CarNo1,1,2024-07-07 16:04:45
SzRKLRSWaJo2a3a3FN4RfvSiJsYA,CarNo2,0,0
SzRKLRSWaJo2a3a3FN4RfvSiJsYA,CarNo3,0,0
SzRKLRSWaJo2a3a3FN4RfvSiJsYA,CarNo4,0,0
GD7S2knZp4HPeG10f130dSMaAaWQ,CarNo0,1,2024-07-10 06:53:54
GD7S2knZp4HPeG10f130dSMaAaWQ,CarNo1,0,0
GD7S2knZp4HPeG10f130dSMaAaWQ,CarNo2,0,0
GD7S2knZp4HPeG10f130dSMaAaWQ,CarNo3,1,2024-07-15 06:53:54
GD7S2knZp4HPeG10f130dSMaAaWQ,CarNo4,1,2024-07-16 06:53:54
l98harCvRWswHR72v7fB9yvFmKYS,CarNo0,1,2024-08-02 05:13:34
l98harCvRWswHR72v7fB9yvFmKYS,CarNo1,1,2024-08-05 05:13:34
l98harCvRWswHR72v7fB9yvFmKYS,CarNo2,1,2024-08-06 05:13:34
l98harCvRWswHR72v7fB9yvFmKYS,CarNo3,0,0
l98harCvRWswHR72v7fB9yvFmKYS,CarNo4,0,0
nD7mGWBKrmmXEg1VDTNBPRDOTGhj,CarNo0,1,2024-07-29 16:53:01
nD7mGWBKrmmXEg1VDTNBPRDOTGhj,CarNo1,0,0
nD7mGWBKrmmXEg1VDTNBPRDOTGhj,CarNo2,1,2024-08-02 16:53:01
nD7mGWBKrmmXEg1VDTNBPRDOTGhj,CarNo3,0,0
nD7mGWBKrmmXEg1VDTNBPRDOTGhj,CarNo4,1,2024-08-04 16:53:01
jV6Ay0lbbV8MnIklmM8HbDhiaP2D,CarNo0,1,2024-08-04 14:05:31
jV6Ay0lbbV8MnIklmM8HbDhiaP2D,CarNo1,1,2024-08-07 14:05:31
jV6Ay0lbbV8MnIklmM8HbDhiaP2D,CarNo2,1,2024-08-08 14:05:31
jV6Ay0lbbV8MnIklmM8HbDhiaP2D,CarNo3,1,2024-08-09 14:05:31
jV6Ay0lbbV8MnIklmM8HbDhiaP2D,CarNo4,0,0
qxxu8lGULDfPcx70wxcVuJ1ucIgc,CarNo0,1,2024-07-19 23:20:06
qxxu8lGULDfPcx70wxcVuJ1ucIgc,CarNo1,1,2024-07-22 23:20:06
qxxu8lGULDfPcx70wxcVuJ1ucIgc,CarNo2,1,2024-07-23 23:20:06
qxxu8lGULDfPcx70wxcVuJ1ucIgc,CarNo3,1,2024-07-24 23:20:06
qxxu8lGULDfPcx70wxcVuJ1ucIgc,CarNo4,1,2024-07-25 23:20:06
cSo7PbMPuaixFDT7vZbmSi5ucgK9,CarNo0,1,2024-08-07 17:12:07
cSo7PbMPuaixFDT7vZbmSi5ucgK9,CarNo1,0,0
cSo7PbMPuaixFDT7vZbmSi5ucgK9,CarNo2,1,2024-07-05 23:59:27
cSo7PbMPuaixFDT7vZbmSi5ucgK9,CarNo3,1,2024-07-10 15:27:29
cSo7PbMPuaixFDT7vZbmSi5ucgK9,CarNo4,1,2024-08-07 16:36:21
LmGmrjST4aX3aDmu8VToKODPyvHI,CarNo0,1,2024-07-18 03:32:19
LmGmrjST4aX3aDmu8VToKODPyvHI,CarNo1,0,0
LmGmrjST4aX3aDmu8VToKODPyvHI,CarNo2,1,2024-07-22 03:32:19
LmGmrjST4aX3aDmu8VToKODPyvHI,CarNo3,0,0
LmGmrjST4aX3aDmu8VToKODPyvHI,CarNo4,1,2024-07-24 03:32:19
Ci3r8HAjw6eAFnYGT7KQwO7e3yFK,CarNo0,1,2024-07-23 15:41:55
Ci3r8HAjw6eAFnYGT7KQwO7e3yFK,CarNo1,1,2024-07-26 15:41:55
Ci3r8HAjw6eAFnYGT7KQwO7e3yFK,CarNo2,1,2024-07-27 15:41:55
Ci3r8HAjw6eAFnYGT7KQwO7e3yFK,CarNo3,0,0
Ci3r8HAjw6eAFnYGT7KQwO7e3yFK,CarNo4,1,2024-07-29 15:41:55
AkS2iUgURZD5DvitMxSYBaTyUAi1,CarNo0,1,2024-08-07 17:12:07
AkS2iUgURZD5DvitMxSYBaTyUAi1,CarNo1,1,2024-07-26 03:31:42
AkS2iUgURZD5DvitMxSYBaTyUAi1,CarNo2,0,0
AkS2iUgURZD5DvitMxSYBaTyUAi1,CarNo3,0,0
AkS2iUgURZD5DvitMxSYBaTyUAi1,CarNo4,0,0
Yu5uF9uKggfzyXBfen89dC3zudNh,CarNo0,1,2024-08-07 17:12:07
Yu5uF9uKggfzyXBfen89dC3zudNh,CarNo1,1,2024-07-16 22:16:01
Yu5uF9uKggfzyXBfen89dC3zudNh,CarNo2,0,0
Yu5uF9uKggfzyXBfen89dC3zudNh,CarNo3,0,0
Yu5uF9uKggfzyXBfen89dC3zudNh,CarNo4,1,2024-07-22 23:36:10
XbVKuaQtbYUPRJeO2QYZCCBI3vCG,CarNo0,1,2024-07-05 01:45:42
XbVKuaQtbYUPRJeO2QYZCCBI3vCG,CarNo1,1,2024-07-08 01:45:42
XbVKuaQtbYUPRJeO2QYZCCBI3vCG,CarNo2,1,2024-07-09 01:45:42
XbVKuaQtbYUPRJeO2QYZCCBI3vCG,CarNo3,1,2024-07-10 01:45:42
XbVKuaQtbYUPRJeO2QYZCCBI3vCG,CarNo4,0,0
c77BjJaX7FuIXI2KbRLGkKHiNTVg,CarNo0,1,2024-08-07 17:12:07
c77BjJaX7FuIXI2KbRLGkKHiNTVg,CarNo1,0,0
c77BjJaX7FuIXI2KbRLGkKHiNTVg,CarNo2,1,2024-07-15 13:01:10
c77BjJaX7FuIXI2KbRLGkKHiNTVg,CarNo3,0,0
c77BjJaX7FuIXI2KbRLGkKHiNTVg,CarNo4,0,0
OeOFaM3tg0zUiK129QmtXRoqyY2E,CarNo0,1,2024-08-07 17:12:07
OeOFaM3tg0zUiK129QmtXRoqyY2E,CarNo1,1,2024-07-11 02:58:56
OeOFaM3tg0zUiK129QmtXRoqyY2E,CarNo2,0,0
OeOFaM3tg0zUiK129QmtXRoqyY2E,CarNo3,1,2024-07-30 23:43:06
OeOFaM3tg0zUiK129QmtXRoqyY2E,CarNo4,0,0
o5bXRNJHmwZtTGmsNwRFJzQ7HhDE,CarNo0,1,2024-08-07 17:12:07
o5bXRNJHmwZtTGmsNwRFJzQ7HhDE,CarNo1,1,2024-07-10 03:17:44
o5bXRNJHmwZtTGmsNwRFJzQ7HhDE,CarNo2,0,0
o5bXRNJHmwZtTGmsNwRFJzQ7HhDE,CarNo3,1,2024-07-24 00:51:07
o5bXRNJHmwZtTGmsNwRFJzQ7HhDE,CarNo4,0,0
n7HPRoXhJRfPmG8NrcYXprjOJ2hg,CarNo0,1,2024-07-31 07:44:36
n7HPRoXhJRfPmG8NrcYXprjOJ2hg,CarNo1,0,0
n7HPRoXhJRfPmG8NrcYXprjOJ2hg,CarNo2,1,2024-08-04 07:44:36
n7HPRoXhJRfPmG8NrcYXprjOJ2hg,CarNo3,1,2024-08-05 07:44:36
n7HPRoXhJRfPmG8NrcYXprjOJ2hg,CarNo4,1,2024-08-06 07:44:36
k3PpD4ucDW7SPJ5lVz41XCp7lZs2,CarNo0,1,2024-07-20 05:01:32
k3PpD4ucDW7SPJ5lVz41XCp7lZs2,CarNo1,1,2024-07-23 05:01:32
k3PpD4ucDW7SPJ5lVz41XCp7lZs2,CarNo2,0,0
k3PpD4ucDW7SPJ5lVz41XCp7lZs2,CarNo3,0,0
k3PpD4ucDW7SPJ5lVz41XCp7lZs2,CarNo4,1,2024-07-26 05:01:32
yPuOqjCn0du540EHFr5O3aCbOWJx,CarNo0,1,2024-07-09 19:03:58
yPuOqjCn0du540EHFr5O3aCbOWJx,CarNo1,0,0
yPuOqjCn0du540EHFr5O3aCbOWJx,CarNo2,0,0
yPuOqjCn0du540EHFr5O3aCbOWJx,CarNo3,1,2024-07-14 19:03:58
yPuOqjCn0du540EHFr5O3aCbOWJx,CarNo4,0,0
K7omm1qN2VYADKpqW6PQjkssc3ts,CarNo0,1,2024-07-26 17:05:45
K7omm1qN2VYADKpqW6PQjkssc3ts,CarNo1,0,0
K7omm1qN2VYADKpqW6PQjkssc3ts,CarNo2,1,2024-07-30 17:05:45
K7omm1qN2VYADKpqW6PQjkssc3ts,CarNo3,1,2024-07-31 17:05:45
K7omm1qN2VYADKpqW6PQjkssc3ts,CarNo4,1,2024-08-01 17:05:45
Xm8zeysGK25R22Y2dPKh1ToQR4yq,CarNo0,1,2024-07-28 18:59:44
Xm8zeysGK25R22Y2dPKh1ToQR4yq,CarNo1,1,2024-07-31 18:59:44
Xm8zeysGK25R22Y2dPKh1ToQR4yq,CarNo2,1,2024-08-01 18:59:44
Xm8zeysGK25R22Y2dPKh1ToQR4yq,CarNo3,0,0
Xm8zeysGK25R22Y2dPKh1ToQR4yq,CarNo4,1,2024-08-03 18:59:44
DV1jScXZOPFC4ScKaL0IojxOp5gc,CarNo0,1,2024-08-07 17:12:07
DV1jScXZOPFC4ScKaL0IojxOp5gc,CarNo1,0,0
DV1jScXZOPFC4ScKaL0IojxOp5gc,CarNo2,0,0
DV1jScXZOPFC4ScKaL0IojxOp5gc,CarNo3,0,0
DV1jScXZOPFC4ScKaL0IojxOp5gc,CarNo4,1,2024-07-30 01:22:01
x8vRZK55BXhnH3WwgIb8WbeeRGdo,CarNo0,1,2024-07-20 04:43:15
x8vRZK55BXhnH3WwgIb8WbeeRGdo,CarNo1,1,2024-07-23 04:43:15
x8vRZK55BXhnH3WwgIb8WbeeRGdo,CarNo2,1,2024-07-24 04:43:15
x8vRZK55BXhnH3WwgIb8WbeeRGdo,CarNo3,0,0
x8vRZK55BXhnH3WwgIb8WbeeRGdo,CarNo4,1,2024-07-26 04:43:15
1pcLdUnA7HpjRwswTkOzchoKgBpA,CarNo0,1,2024-08-07 17:12:07
1pcLdUnA7HpjRwswTkOzchoKgBpA,CarNo1,1,2024-07-11 22:40:34
1pcLdUnA7HpjRwswTkOzchoKgBpA,CarNo2,1,2024-07-16 22:34:42
1pcLdUnA7HpjRwswTkOzchoKgBpA,CarNo3,0,0
1pcLdUnA7HpjRwswTkOzchoKgBpA,CarNo4,1,2024-07-17 12:47:06
uB3lGNm8uJkFH8OAu68ZXZj2h1WP,CarNo0,1,2024-07-23 18:37:56
uB3lGNm8uJkFH8OAu68ZXZj2h1WP,CarNo1,0,0
uB3lGNm8uJkFH8OAu68ZXZj2h1WP,CarNo2,1,2024-07-27 18:37:56
uB3lGNm8uJkFH8OAu68ZXZj2h1WP,CarNo3,0,0
uB3lGNm8uJkFH8OAu68ZXZj2h1WP,CarNo4,0,0
c0basWY0hlk2k9jFt00Ittnnkxa4,CarNo0,1,2024-08-07 17:12:07
c0basWY0hlk2k9jFt00Ittnnkxa4,CarNo1,0,0
c0basWY0hlk2k9jFt00Ittnnkxa4,CarNo2,1,2024-07-16 03:41:38
c0basWY0hlk2k9jFt00Ittnnkxa4,CarNo3,0,0
c0basWY0hlk2k9jFt00Ittnnkxa4,CarNo4,0,0
Sh2ODMTAkwCvVMTvsLWNDuLPrkyf,CarNo0,1,2024-08-07 17:12:07
Sh2ODMTAkwCvVMTvsLWNDuLPrkyf,CarNo1,0,0
Sh2ODMTAkwCvVMTvsLWNDuLPrkyf,CarNo2,1,2024-07-15 09:15:37
Sh2ODMTAkwCvVMTvsLWNDuLPrkyf,CarNo3,1,2024-07-19 22:16:48
Sh2ODMTAkwCvVMTvsLWNDuLPrkyf,CarNo4,0,0
5BShPEQqU0XpOPRbvc5mlTtjhgz1,CarNo0,1,2024-08-07 17:12:07
5BShPEQqU0XpOPRbvc5mlTtjhgz1,CarNo1,1,2024-07-24 13:50:30
5BShPEQqU0XpOPRbvc5mlTtjhgz1,CarNo2,0,0
5BShPEQqU0XpOPRbvc5mlTtjhgz1,CarNo3,1,2024-08-01 22:55:10
5BShPEQqU0XpOPRbvc5mlTtjhgz1,CarNo4,1,2024-08-05 16:35:33
I9U8qJPz1Ga6uFTm3i5QIvurlKnH,CarNo0,1,2024-08-07 17:12:07
I9U8qJPz1Ga6uFTm3i5QIvurlKnH,CarNo1,1,2024-08-04 19:37:32
I9U8qJPz1Ga6uFTm3i5QIvurlKnH,CarNo2,0,0
I9U8qJPz1Ga6uFTm3i5QIvurlKnH,CarNo3,0,0
I9U8qJPz1Ga6uFTm3i5QIvurlKnH,CarNo4,1,2024-07-11 00:38:11
tk9j1xMvdfxYUatfHk4K4mY5B0Jq,CarNo0,1,2024-07-08 19:57:21
tk9j1xMvdfxYUatfHk4K4mY5B0Jq,CarNo1,1,2024-07-11 19:57:21
tk9j1xMvdfxYUatfHk4K4mY5B0Jq,CarNo2,0,0
tk9j1xMvdfxYUatfHk4K4mY5B0Jq,CarNo3,1,2024-07-13 19:57:21
tk9j1xMvdfxYUatfHk4K4mY5B0Jq,CarNo4,1,2024-07-14 19:57:21
T5F6taDIYr87dCJTtTXCmnkGjUsr,CarNo0,1,2024-08-07 17:12:07
T5F6taDIYr87dCJTtTXCmnkGjUsr,CarNo1,0,0
T5F6taDIYr87dCJTtTXCmnkGjUsr,CarNo2,1,2024-07-29 10:45:52
T5F6taDIYr87dCJTtTXCmnkGjUsr,CarNo3,1,2024-07-24 17:36:59
T5F6taDIYr87dCJTtTXCmnkGjUsr,CarNo4,1,2024-07-22 03:30:33
HXfhKnT97cbM7AZoQ2srMbEHtm8B,CarNo0,1,2024-08-07 17:12:07
HXfhKnT97cbM7AZoQ2srMbEHtm8B,CarNo1,0,0
HXfhKnT97cbM7AZoQ2srMbEHtm8B,CarNo2,1,2024-08-07 20:19:50
HXfhKnT97cbM7AZoQ2srMbEHtm8B,CarNo3,1,2024-07-05 08:49:46
HXfhKnT97cbM7AZoQ2srMbEHtm8B,CarNo4,0,0
XdzKOtSQq1SMc3doQtsTJ0XujrDW,CarNo0,1,2024-08-07 17:12:07
XdzKOtSQq1SMc3doQtsTJ0XujrDW,CarNo1,0,0
XdzKOtSQq1SMc3doQtsTJ0XujrDW,CarNo2,1,2024-07-30 17:28:39
XdzKOtSQq1SMc3doQtsTJ0XujrDW,CarNo3,1,2024-07-16 21:36:56
XdzKOtSQq1SMc3doQtsTJ0XujrDW,CarNo4,1,2024-07-28 08:27:45
oGn7HvCazvBuoe71McjN0rKSNxO6,CarNo0,1,2024-07-21 19:13:44
oGn7HvCazvBuoe71McjN0rKSNxO6,CarNo1,0,0
oGn7HvCazvBuoe71McjN0rKSNxO6,CarNo2,1,2024-07-25 19:13:44
oGn7HvCazvBuoe71McjN0rKSNxO6,CarNo3,0,0
oGn7HvCazvBuoe71McjN0rKSNxO6,CarNo4,1,2024-07-27 19:13:44
T98SMlKNBkgvpaayjxgAYbQQSSnh,CarNo0,1,2024-07-21 17:32:51
T98SMlKNBkgvpaayjxgAYbQQSSnh,CarNo1,1,2024-07-24 17:32:51
T98SMlKNBkgvpaayjxgAYbQQSSnh,CarNo2,1,2024-07-25 17:32:51
T98SMlKNBkgvpaayjxgAYbQQSSnh,CarNo3,0,0
T98SMlKNBkgvpaayjxgAYbQQSSnh,CarNo4,1,2024-07-27 17:32:51
cZb0hhLIqskb4jkoMOeQ26LtXate,CarNo0,1,2024-08-07 17:12:07
cZb0hhLIqskb4jkoMOeQ26LtXate,CarNo1,0,0
cZb0hhLIqskb4jkoMOeQ26LtXate,CarNo2,1,2024-07-12 00:38:32
cZb0hhLIqskb4jkoMOeQ26LtXate,CarNo3,0,0
cZb0hhLIqskb4jkoMOeQ26LtXate,CarNo4,0,0
NhnveADOKNBSGmjOychXGFHvLk7h,CarNo0,1,2024-08-07 17:12:07
NhnveADOKNBSGmjOychXGFHvLk7h,CarNo1,0,0
NhnveADOKNBSGmjOychXGFHvLk7h,CarNo2,1,2024-07-11 00:49:50
NhnveADOKNBSGmjOychXGFHvLk7h,CarNo3,0,0
NhnveADOKNBSGmjOychXGFHvLk7h,CarNo4,1,2024-07-19 18:21:31
TacSDSiR4b4whiVVCkxVqLazan2y,CarNo0,1,2024-08-07 17:12:07
TacSDSiR4b4whiVVCkxVqLazan2y,CarNo1,0,0
TacSDSiR4b4whiVVCkxVqLazan2y,CarNo2,0,0
TacSDSiR4b4whiVVCkxVqLazan2y,CarNo3,1,2024-07-15 22:10:05
TacSDSiR4b4whiVVCkxVqLazan2y,CarNo4,0,0
btkrucnoGx8w3ZaM1seX94u33O7U,CarNo0,1,2024-07-22 14:19:31
btkrucnoGx8w3ZaM1seX94u33O7U,CarNo1,1,2024-07-25 14:19:31
btkrucnoGx8w3ZaM1seX94u33O7U,CarNo2,1,2024-07-26 14:19:31
btkrucnoGx8w3ZaM1seX94u33O7U,CarNo3,1,2024-07-27 14:19:31
btkrucnoGx8w3ZaM1seX94u33O7U,CarNo4,0,0
OLIsMmESexckWBHRyy0SWu7XU0oj,CarNo0,1,2024-08-07 17:12:07
OLIsMmESexckWBHRyy0SWu7XU0oj,CarNo1,1,2024-07-28 16:17:11
OLIsMmESexckWBHRyy0SWu7XU0oj,CarNo2,1,2024-07-18 14:28:31
OLIsMmESexckWBHRyy0SWu7XU0oj,CarNo3,0,0
OLIsMmESexckWBHRyy0SWu7XU0oj,CarNo4,1,2024-07-06 17:44:25
dhetdVVC2SvxtfJLz5ZaExhARQ66,CarNo0,1,2024-08-07 17:12:07
dhetdVVC2SvxtfJLz5ZaExhARQ66,CarNo1,0,0
dhetdVVC2SvxtfJLz5ZaExhARQ66,CarNo2,1,2024-07-10 16:38:05
dhetdVVC2SvxtfJLz5ZaExhARQ66,CarNo3,0,0
dhetdVVC2SvxtfJLz5ZaExhARQ66,CarNo4,1,2024-07-28 04:37:50
GNpRqsKPMKqm0TdOMHfNWtUu1Dkp,CarNo0,1,2024-07-20 13:56:32
GNpRqsKPMKqm0TdOMHfNWtUu1Dkp,CarNo1,1,2024-07-23 13:56:32
GNpRqsKPMKqm0TdOMHfNWtUu1Dkp,CarNo2,1,2024-07-24 13:56:32
GNpRqsKPMKqm0TdOMHfNWtUu1Dkp,CarNo3,0,0
GNpRqsKPMKqm0TdOMHfNWtUu1Dkp,CarNo4,0,0
CGPQMjKGqMAtDw8ztYyuviA5omnM,CarNo0,1,2024-08-07 17:12:07
CGPQMjKGqMAtDw8ztYyuviA5omnM,CarNo1,0,0
CGPQMjKGqMAtDw8ztYyuviA5omnM,CarNo2,1,2024-07-10 17:53:48
CGPQMjKGqMAtDw8ztYyuviA5omnM,CarNo3,0,0
CGPQMjKGqMAtDw8ztYyuviA5omnM,CarNo4,1,2024-07-28 12:13:14
HPehttYBmcfQkMLq4u0JiwqGQvg8,CarNo0,1,2024-07-29 08:57:39
HPehttYBmcfQkMLq4u0JiwqGQvg8,CarNo1,0,0
HPehttYBmcfQkMLq4u0JiwqGQvg8,CarNo2,1,2024-08-02 08:57:39
HPehttYBmcfQkMLq4u0JiwqGQvg8,CarNo3,0,0
HPehttYBmcfQkMLq4u0JiwqGQvg8,CarNo4,1,2024-08-04 08:57:39
Xh0ugnlOFOfrYgeLN08XT5D688B7,CarNo0,1,2024-08-01 09:17:04
Xh0ugnlOFOfrYgeLN08XT5D688B7,CarNo1,1,2024-08-04 09:17:04
Xh0ugnlOFOfrYgeLN08XT5D688B7,CarNo2,0,0
Xh0ugnlOFOfrYgeLN08XT5D688B7,CarNo3,1,2024-08-06 09:17:04
Xh0ugnlOFOfrYgeLN08XT5D688B7,CarNo4,0,0
uX9Y8LRyKr4YL7hIkO5MEqnUjHJi,CarNo0,1,2024-07-04 16:32:55
uX9Y8LRyKr4YL7hIkO5MEqnUjHJi,CarNo1,1,2024-07-07 16:32:55
uX9Y8LRyKr4YL7hIkO5MEqnUjHJi,CarNo2,1,2024-07-08 16:32:55
uX9Y8LRyKr4YL7hIkO5MEqnUjHJi,CarNo3,1,2024-07-09 16:32:55
uX9Y8LRyKr4YL7hIkO5MEqnUjHJi,CarNo4,0,0
PFW0vdOaPwIHXUvBuFBuf3FXmQZl,CarNo0,1,2024-07-09 21:06:24
PFW0vdOaPwIHXUvBuFBuf3FXmQZl,CarNo1,0,0
PFW0vdOaPwIHXUvBuFBuf3FXmQZl,CarNo2,1,2024-07-13 21:06:24
PFW0vdOaPwIHXUvBuFBuf3FXmQZl,CarNo3,0,0
PFW0vdOaPwIHXUvBuFBuf3FXmQZl,CarNo4,1,2024-07-15 21:06:24
eC8pkAh9difkPVztpEfMjUjgEsoc,CarNo0,1,2024-08-07 17:12:07
eC8pkAh9difkPVztpEfMjUjgEsoc,CarNo1,0,0
eC8pkAh9difkPVztpEfMjUjgEsoc,CarNo2,1,2024-07-04 19:10:10
eC8pkAh9difkPVztpEfMjUjgEsoc,CarNo3,0,0
eC8pkAh9difkPVztpEfMjUjgEsoc,CarNo4,1,2024-07-12 16:29:33
5I5mEEuYN6dK97GnGFA8YCUlvswu,CarNo0,1,2024-08-07 17:12:07
5I5mEEuYN6dK97GnGFA8YCUlvswu,CarNo1,0,0
5I5mEEuYN6dK97GnGFA8YCUlvswu,CarNo2,0,0
5I5mEEuYN6dK97GnGFA8YCUlvswu,CarNo3,1,2024-07-17 09:14:39
5I5mEEuYN6dK97GnGFA8YCUlvswu,CarNo4,0,0
7vhFQnd6jvCQlCFRkPqQPoIoXNL1,CarNo0,1,2024-07-30 18:33:26
7vhFQnd6jvCQlCFRkPqQPoIoXNL1,CarNo1,0,0
7vhFQnd6jvCQlCFRkPqQPoIoXNL1,CarNo2,1,2024-08-03 18:33:26
7vhFQnd6jvCQlCFRkPqQPoIoXNL1,CarNo3,1,2024-08-04 18:33:26
7vhFQnd6jvCQlCFRkPqQPoIoXNL1,CarNo4,0,0
V9BFJyKpdo3hDSRCNDUsmLGFu6se,CarNo0,1,2024-08-05 21:28:08
V9BFJyKpdo3hDSRCNDUsmLGFu6se,CarNo1,1,2024-08-08 21:28:08
V9BFJyKpdo3hDSRCNDUsmLGFu6se,CarNo2,0,0
V9BFJyKpdo3hDSRCNDUsmLGFu6se,CarNo3,0,0
V9BFJyKpdo3hDSRCNDUsmLGFu6se,CarNo4,0,0
NUBoUTHsjkQg3oVYSilEWQPtn5Ip,CarNo0,1,2024-08-07 17:12:07
NUBoUTHsjkQg3oVYSilEWQPtn5Ip,CarNo1,1,2024-07-12 21:34:22
NUBoUTHsjkQg3oVYSilEWQPtn5Ip,CarNo2,1,2024-07-31 10:56:19
NUBoUTHsjkQg3oVYSilEWQPtn5Ip,CarNo3,1,2024-07-11 15:52:33
NUBoUTHsjkQg3oVYSilEWQPtn5Ip,CarNo4,1,2024-07-30 04:59:09
e0APeZo5rivJVXmQqujOw7Dr3Bgj,CarNo0,1,2024-08-07 17:12:07
e0APeZo5rivJVXmQqujOw7Dr3Bgj,CarNo1,1,2024-07-18 17:51:47
e0APeZo5rivJVXmQqujOw7Dr3Bgj,CarNo2,1,2024-07-13 19:58:58
e0APeZo5rivJVXmQqujOw7Dr3Bgj,CarNo3,1,2024-08-05 02:00:20
e0APeZo5rivJVXmQqujOw7Dr3Bgj,CarNo4,1,2024-07-26 00:03:55
w5olZPY3aPlwFUQA7UfkT842LBHs,CarNo0,1,2024-08-07 17:12:07
w5olZPY3aPlwFUQA7UfkT842LBHs,CarNo1,0,0
w5olZPY3aPlwFUQA7UfkT842LBHs,CarNo2,1,2024-07-23 00:56:38
w5olZPY3aPlwFUQA7UfkT842LBHs,CarNo3,0,0
w5olZPY3aPlwFUQA7UfkT842LBHs,CarNo4,1,2024-07-14 04:54:25
1xzj98oZCoQCMsSyKouZtiJG9rwp,CarNo0,1,2024-08-07 17:12:07
1xzj98oZCoQCMsSyKouZtiJG9rwp,CarNo1,1,2024-07-20 07:36:49
1xzj98oZCoQCMsSyKouZtiJG9rwp,CarNo2,0,0
1xzj98oZCoQCMsSyKouZtiJG9rwp,CarNo3,0,0
1xzj98oZCoQCMsSyKouZtiJG9rwp,CarNo4,1,2024-07-08 20:58:43
3n1FeEXA19rPZgdjvXunDnntkfJR,CarNo0,1,2024-07-31 10:06:12
3n1FeEXA19rPZgdjvXunDnntkfJR,CarNo1,0,0
3n1FeEXA19rPZgdjvXunDnntkfJR,CarNo2,0,0
3n1FeEXA19rPZgdjvXunDnntkfJR,CarNo3,1,2024-08-05 10:06:12
3n1FeEXA19rPZgdjvXunDnntkfJR,CarNo4,0,0
MemUkDttYM5t1hAiKge8R3RDmAnD,CarNo0,1,2024-08-07 17:12:07
MemUkDttYM5t1hAiKge8R3RDmAnD,CarNo1,0,0
MemUkDttYM5t1hAiKge8R3RDmAnD,CarNo2,1,2024-07-25 06:20:33
MemUkDttYM5t1hAiKge8R3RDmAnD,CarNo3,0,0
MemUkDttYM5t1hAiKge8R3RDmAnD,CarNo4,0,0
