user_id,car_id,usageHours,usageMilliseconds,usageMinutes,usageSeconds,total_minutes
0qazsqiLuMQseLNnZ22Yx4icNhAw,CarNo0,7,635.2559999972582,6,45,426.7605876
0qazsqiLuMQseLNnZ22Yx4icNhAw,CarNo1,0,0.0,0,0,0.0
0qazsqiLuMQseLNnZ22Yx4icNhAw,CarNo2,0,0.0,0,0,0.0
0qazsqiLuMQseLNnZ22Yx4icNhAw,CarNo3,2,820.1100000003353,19,42,139.7136685
0qazsqiLuMQseLNnZ22Yx4icNhAw,CarNo4,7,730.5439999997616,45,1,465.0288424
nsX46uppKtc7SnfMgtY8JO6qD77I,CarNo0,3,456.7939999997616,51,19,231.3242799
nsX46uppKtc7SnfMgtY8JO6qD77I,CarNo1,0,0.0,0,0,0.0
nsX46uppKtc7SnfMgtY8JO6qD77I,CarNo2,4,579.1039999984205,58,28,298.4763184
nsX46uppKtc7SnfMgtY8JO6qD77I,CarNo3,4,93.94200000166892,53,33,293.5515657
nsX46uppKtc7SnfMgtY8JO6qD77I,CarNo4,0,0.0,0,0,0.0
L1VhPSyGPK6vC7QPplJUDW51ZjOh,CarNo0,5,952.3180000036956,24,44,324.7492053
L1VhPSyGPK6vC7QPplJUDW51ZjOh,CarNo1,6,59.5840000025928,19,35,379.5843264
L1VhPSyGPK6vC7QPplJUDW51ZjOh,CarNo2,4,813.8780000004917,9,52,249.8802313
L1VhPSyGPK6vC7QPplJUDW51ZjOh,CarNo3,0,0.0,0,0,0.0
L1VhPSyGPK6vC7QPplJUDW51ZjOh,CarNo4,10,723.8559999987483,8,8,608.1453976
T4qnlMpcXfcRBBo1syKzesevEz0Z,CarNo0,5,729.3720000013709,21,57,321.9621562
T4qnlMpcXfcRBBo1syKzesevEz0Z,CarNo1,0,0.0,0,0,0.0
T4qnlMpcXfcRBBo1syKzesevEz0Z,CarNo2,1,74.04080000054091,29,37,89.61790068
T4qnlMpcXfcRBBo1syKzesevEz0Z,CarNo3,4,777.9320000000298,52,4,292.0796322
T4qnlMpcXfcRBBo1syKzesevEz0Z,CarNo4,3,235.9780000001192,26,26,206.4372663
n4WeeAJfhxaoL36EwBq4GjANoZOh,CarNo0,10,369.8300000056624,26,31,626.5228305
n4WeeAJfhxaoL36EwBq4GjANoZOh,CarNo1,0,0.0,0,0,0.0
n4WeeAJfhxaoL36EwBq4GjANoZOh,CarNo2,9,365.3359999954701,28,10,568.1727556
n4WeeAJfhxaoL36EwBq4GjANoZOh,CarNo3,3,348.54199999943376,42,37,222.6224757
n4WeeAJfhxaoL36EwBq4GjANoZOh,CarNo4,0,0.0,0,0,0.0
dAf62oRRnn0Y0dhXmgrdytbNMqiF,CarNo0,7,881.0480000004172,24,16,444.2813508
dAf62oRRnn0Y0dhXmgrdytbNMqiF,CarNo1,0,0.0,0,0,0.0
dAf62oRRnn0Y0dhXmgrdytbNMqiF,CarNo2,1,600.5180000001565,40,4,100.0766753
dAf62oRRnn0Y0dhXmgrdytbNMqiF,CarNo3,0,0.0,0,0,0.0
dAf62oRRnn0Y0dhXmgrdytbNMqiF,CarNo4,0,0.0,0,0,0.0
SZivxFFGUEKNvbm2nq4mUEnhogKh,CarNo0,9,724.5240000039339,20,9,560.1620754
SZivxFFGUEKNvbm2nq4mUEnhogKh,CarNo1,6,146.77800000086427,8,39,368.6524463
SZivxFFGUEKNvbm2nq4mUEnhogKh,CarNo2,7,214.44799999892712,24,46,444.7702408
SZivxFFGUEKNvbm2nq4mUEnhogKh,CarNo3,2,692.9840000001714,26,13,146.2282164
SZivxFFGUEKNvbm2nq4mUEnhogKh,CarNo4,0,0.0,0,0,0.0
tiv28YriIT27R80tLV7TQTglTFvK,CarNo0,7,923.910000000149,6,12,426.2153985
tiv28YriIT27R80tLV7TQTglTFvK,CarNo1,0,0.0,0,0,0.0
tiv28YriIT27R80tLV7TQTglTFvK,CarNo2,0,0.0,0,0,0.0
tiv28YriIT27R80tLV7TQTglTFvK,CarNo3,4,290.8619999997318,50,48,290.8048477
tiv28YriIT27R80tLV7TQTglTFvK,CarNo4,0,0.0,0,0,0.0
KCwO6bJZi28D6pyvwHcLKolfUb5Z,CarNo0,4,973.176000000909,28,30,268.5162196
KCwO6bJZi28D6pyvwHcLKolfUb5Z,CarNo1,0,0.0,0,0,0.0
KCwO6bJZi28D6pyvwHcLKolfUb5Z,CarNo2,0,0.0,0,0,0.0
KCwO6bJZi28D6pyvwHcLKolfUb5Z,CarNo3,0,0.0,0,0,0.0
KCwO6bJZi28D6pyvwHcLKolfUb5Z,CarNo4,0,0.0,0,0,0.0
JzpdHbCy9FpTYFRmsbcN588QU1xn,CarNo0,7,137.96000000089407,46,28,466.468966
JzpdHbCy9FpTYFRmsbcN588QU1xn,CarNo1,10,305.3039999976754,9,12,609.2050884
JzpdHbCy9FpTYFRmsbcN588QU1xn,CarNo2,0,0.0,0,0,0.0
JzpdHbCy9FpTYFRmsbcN588QU1xn,CarNo3,0,0.0,0,0,0.0
JzpdHbCy9FpTYFRmsbcN588QU1xn,CarNo4,6,574.1940000019968,51,36,411.6095699
p0tiv2EmDfxiiJInFjAko9FRnmuB,CarNo0,4,200.70400000177324,20,14,260.2366784
p0tiv2EmDfxiiJInFjAko9FRnmuB,CarNo1,0,0.0,0,0,0.0
p0tiv2EmDfxiiJInFjAko9FRnmuB,CarNo2,0,0.0,0,0,0.0
p0tiv2EmDfxiiJInFjAko9FRnmuB,CarNo3,6,317.31399999931455,52,53,412.8886219
p0tiv2EmDfxiiJInFjAko9FRnmuB,CarNo4,0,0.0,0,0,0.0
7GpwdLiSI9cyRlhA3TWfYd8gwKxp,CarNo0,10,678.8159999996424,35,24,635.4113136
7GpwdLiSI9cyRlhA3TWfYd8gwKxp,CarNo1,0,0.0,0,0,0.0
7GpwdLiSI9cyRlhA3TWfYd8gwKxp,CarNo2,0,0.0,0,0,0.0
7GpwdLiSI9cyRlhA3TWfYd8gwKxp,CarNo3,4,358.4380000010133,15,50,255.8393073
7GpwdLiSI9cyRlhA3TWfYd8gwKxp,CarNo4,0,53.98219999996945,51,19,51.31756637
a0iMFnWvOjQraLOF2LGflkbKA6cK,CarNo0,1,849.3988000005484,39,17,99.29748998
a0iMFnWvOjQraLOF2LGflkbKA6cK,CarNo1,0,0.0,0,0,0.0
a0iMFnWvOjQraLOF2LGflkbKA6cK,CarNo2,3,43.2419999986887,16,33,196.5507207
a0iMFnWvOjQraLOF2LGflkbKA6cK,CarNo3,1,768.0493999999017,13,25,73.42946749
a0iMFnWvOjQraLOF2LGflkbKA6cK,CarNo4,8,894.6980000026524,55,43,535.7315783
ZB2jcLXaEUWcYVNvbie7qzenXBeQ,CarNo0,8,105.15600000321864,42,15,522.2517526
ZB2jcLXaEUWcYVNvbie7qzenXBeQ,CarNo1,0,0.0,0,0,0.0
ZB2jcLXaEUWcYVNvbie7qzenXBeQ,CarNo2,2,749.6520000007004,56,9,176.1624942
ZB2jcLXaEUWcYVNvbie7qzenXBeQ,CarNo3,0,0.0,0,0,0.0
ZB2jcLXaEUWcYVNvbie7qzenXBeQ,CarNo4,7,537.5280000008643,22,45,442.7589588
oMWxSe1PoKJXXB57pepaJeQXlywC,CarNo0,8,813.1660000011325,38,11,518.1968861
oMWxSe1PoKJXXB57pepaJeQXlywC,CarNo1,0,0.0,0,0,0.0
oMWxSe1PoKJXXB57pepaJeQXlywC,CarNo2,0,634.5556000000797,57,38,57.64390926
oMWxSe1PoKJXXB57pepaJeQXlywC,CarNo3,1,587.5126000000164,33,2,93.04312521
oMWxSe1PoKJXXB57pepaJeQXlywC,CarNo4,0,0.0,0,0,0.0
cx6Ypi5noOwsRv89ZKkpyGaACS6U,CarNo0,4,6.364000000059605,37,50,277.8334394
cx6Ypi5noOwsRv89ZKkpyGaACS6U,CarNo1,0,0.0,0,0,0.0
cx6Ypi5noOwsRv89ZKkpyGaACS6U,CarNo2,0,0.0,0,0,0.0
cx6Ypi5noOwsRv89ZKkpyGaACS6U,CarNo3,5,567.980000000447,19,1,319.026133
cx6Ypi5noOwsRv89ZKkpyGaACS6U,CarNo4,3,478.6279999986291,59,58,239.9746438
fTc9zjggTKWF7UHoU5IUhv0vAzni,CarNo0,8,492.0159999988973,9,20,429.3415336
fTc9zjggTKWF7UHoU5IUhv0vAzni,CarNo1,0,0.0,0,0,0.0
fTc9zjggTKWF7UHoU5IUhv0vAzni,CarNo2,0,0.0,0,0,0.0
fTc9zjggTKWF7UHoU5IUhv0vAzni,CarNo3,3,556.9979999996722,45,15,225.2592833
fTc9zjggTKWF7UHoU5IUhv0vAzni,CarNo4,0,0.0,0,0,0.0
vqKd8i6WO3f5K1ub46ske1AvJS8q,CarNo0,2,503.79600000102073,15,48,135.8083966
vqKd8i6WO3f5K1ub46ske1AvJS8q,CarNo1,6,192.58799999579787,21,15,381.2532098
vqKd8i6WO3f5K1ub46ske1AvJS8q,CarNo2,7,870.9959999993443,14,54,434.9145166
vqKd8i6WO3f5K1ub46ske1AvJS8q,CarNo3,0,0.0,0,0,0.0
vqKd8i6WO3f5K1ub46ske1AvJS8q,CarNo4,0,0.0,0,0,0.0
oCn0JlNon6PuMzJ893GU1vVy9RdQ,CarNo0,4,248.88800000026825,45,13,285.2208148
oCn0JlNon6PuMzJ893GU1vVy9RdQ,CarNo1,0,0.0,0,0,0.0
oCn0JlNon6PuMzJ893GU1vVy9RdQ,CarNo2,7,699.7840000018477,37,47,457.7949964
oCn0JlNon6PuMzJ893GU1vVy9RdQ,CarNo3,0,0.0,0,0,0.0
oCn0JlNon6PuMzJ893GU1vVy9RdQ,CarNo4,9,397.42799999937415,9,48,549.8066238
9g33UTZQnDf62HwRqiHip2OtM4uL,CarNo0,9,329.8880000002682,3,58,543.9721648
9g33UTZQnDf62HwRqiHip2OtM4uL,CarNo1,6,70.75,16,20,376.3345125
9g33UTZQnDf62HwRqiHip2OtM4uL,CarNo2,5,839.3619999997318,45,14,345.2473227
9g33UTZQnDf62HwRqiHip2OtM4uL,CarNo3,0,0.0,0,0,0.0
9g33UTZQnDf62HwRqiHip2OtM4uL,CarNo4,0,0.0,0,0,0.0
opoQHwsQjzBQ0dxYY0kjnai6KiPg,CarNo0,6,350.23800000175834,2,42,362.7058373
opoQHwsQjzBQ0dxYY0kjnai6KiPg,CarNo1,0,55.27559999981895,45,0,45.00092126
opoQHwsQjzBQ0dxYY0kjnai6KiPg,CarNo2,5,56.24599999934435,11,19,311.3176041
opoQHwsQjzBQ0dxYY0kjnai6KiPg,CarNo3,0,0.0,0,0,0.0
opoQHwsQjzBQ0dxYY0kjnai6KiPg,CarNo4,0,0.0,0,0,0.0
iAQOjIObgcnCKwP263vOato8VlIn,CarNo0,4,787.6779999993742,3,20,243.3464613
iAQOjIObgcnCKwP263vOato8VlIn,CarNo1,0,0.0,0,0,0.0
iAQOjIObgcnCKwP263vOato8VlIn,CarNo2,10,52.69200000166893,32,54,632.9008782
iAQOjIObgcnCKwP263vOato8VlIn,CarNo3,6,18.40399999916553,59,10,419.1669734
iAQOjIObgcnCKwP263vOato8VlIn,CarNo4,2,713.1699999999255,3,44,123.7452195
zXmqkWrTYKFzammL5fZayZbLmvLs,CarNo0,1,725.609999999404,41,39,101.6620935
zXmqkWrTYKFzammL5fZayZbLmvLs,CarNo1,0,0.0,0,0,0.0
zXmqkWrTYKFzammL5fZayZbLmvLs,CarNo2,0,0.0,0,0,0.0
zXmqkWrTYKFzammL5fZayZbLmvLs,CarNo3,0,0.0,0,0,0.0
zXmqkWrTYKFzammL5fZayZbLmvLs,CarNo4,0,0.0,0,0,0.0
AZSBD06QSQL8qhjKwX7lpTLM5t37,CarNo0,8,875.0159999988973,51,57,531.9645836
AZSBD06QSQL8qhjKwX7lpTLM5t37,CarNo1,0,0.0,0,0,0.0
AZSBD06QSQL8qhjKwX7lpTLM5t37,CarNo2,6,2.188000001013279,55,56,415.9333698
AZSBD06QSQL8qhjKwX7lpTLM5t37,CarNo3,0,0.0,0,0,0.0
AZSBD06QSQL8qhjKwX7lpTLM5t37,CarNo4,8,708.769999999553,31,1,511.0284795
caRXM3QSqufiZ0T3sxa4gxkhDyPs,CarNo0,2,664.0539999995381,27,35,147.5944009
caRXM3QSqufiZ0T3sxa4gxkhDyPs,CarNo1,0,0.0,0,0,0.0
caRXM3QSqufiZ0T3sxa4gxkhDyPs,CarNo2,0,0.0,0,0,0.0
caRXM3QSqufiZ0T3sxa4gxkhDyPs,CarNo3,4,411.6440000012517,26,10,266.1735274
caRXM3QSqufiZ0T3sxa4gxkhDyPs,CarNo4,0,0.0,0,0,0.0
bSPiVNNAboGFBKH0XZEdTl2swrys,CarNo0,9,751.4680000022054,26,53,566.8958578
bSPiVNNAboGFBKH0XZEdTl2swrys,CarNo1,0,0.0,0,0,0.0
bSPiVNNAboGFBKH0XZEdTl2swrys,CarNo2,0,0.0,0,0,0.0
bSPiVNNAboGFBKH0XZEdTl2swrys,CarNo3,7,226.18400000035763,56,31,476.5204364
bSPiVNNAboGFBKH0XZEdTl2swrys,CarNo4,0,0.0,0,0,0.0
ZtD2XanRdn3tVq7jwFSQQJApTNOG,CarNo0,7,470.2560000009835,7,30,427.5078376
ZtD2XanRdn3tVq7jwFSQQJApTNOG,CarNo1,2,426.2160000000149,6,51,126.8571036
ZtD2XanRdn3tVq7jwFSQQJApTNOG,CarNo2,4,209.73999999836087,18,41,258.686829
ZtD2XanRdn3tVq7jwFSQQJApTNOG,CarNo3,8,701.5860000029206,35,6,515.1116931
ZtD2XanRdn3tVq7jwFSQQJApTNOG,CarNo4,4,650.4420000016689,24,18,264.3108407
dn7kd3xoEvrNCCHq2ojtmkVsEL8x,CarNo0,8,374.6920000016689,6,17,486.2895782
dn7kd3xoEvrNCCHq2ojtmkVsEL8x,CarNo1,0,0.0,0,0,0.0
dn7kd3xoEvrNCCHq2ojtmkVsEL8x,CarNo2,0,0.0,0,0,0.0
dn7kd3xoEvrNCCHq2ojtmkVsEL8x,CarNo3,6,417.6420000009239,8,6,368.1069607
dn7kd3xoEvrNCCHq2ojtmkVsEL8x,CarNo4,1,853.1198000004515,24,13,84.23088533
lAS6YHVObNJO5y2Fqm10Px1TPxEE,CarNo0,0,534.8728000000119,30,59,30.99224788
lAS6YHVObNJO5y2Fqm10Px1TPxEE,CarNo1,2,949.6979999989272,34,18,154.3158283
lAS6YHVObNJO5y2Fqm10Px1TPxEE,CarNo2,0,0.0,0,0,0.0
lAS6YHVObNJO5y2Fqm10Px1TPxEE,CarNo3,0,0.0,0,0,0.0
lAS6YHVObNJO5y2Fqm10Px1TPxEE,CarNo4,7,555.327999997884,29,47,449.7925888
tCEf6wuVj3vvcnISSVFP6htmhFlU,CarNo0,1,590.1660000002012,44,21,104.3598361
tCEf6wuVj3vvcnISSVFP6htmhFlU,CarNo1,4,252.35999999940395,51,51,291.854206
tCEf6wuVj3vvcnISSVFP6htmhFlU,CarNo2,0,0.0,0,0,0.0
tCEf6wuVj3vvcnISSVFP6htmhFlU,CarNo3,9,250.6939999982715,36,1,576.0208449
tCEf6wuVj3vvcnISSVFP6htmhFlU,CarNo4,0,0.0,0,0,0.0
Xhtmcnh5vvAVzYYJ6eY0LE1L08wL,CarNo0,1,817.2434000000358,25,25,85.43028739
Xhtmcnh5vvAVzYYJ6eY0LE1L08wL,CarNo1,6,374.23200000077486,19,54,379.9062372
Xhtmcnh5vvAVzYYJ6eY0LE1L08wL,CarNo2,0,0.0,0,0,0.0
Xhtmcnh5vvAVzYYJ6eY0LE1L08wL,CarNo3,0,0.0,0,0,0.0
Xhtmcnh5vvAVzYYJ6eY0LE1L08wL,CarNo4,0,0.0,0,0,0.0
KiLQh5wI5UFwJShsZjW5tpkDQCPW,CarNo0,7,577.7479999996722,7,16,427.2762958
KiLQh5wI5UFwJShsZjW5tpkDQCPW,CarNo1,0,0.0,0,0,0.0
KiLQh5wI5UFwJShsZjW5tpkDQCPW,CarNo2,7,643.992000002414,46,51,466.8607332
KiLQh5wI5UFwJShsZjW5tpkDQCPW,CarNo3,0,0.0,0,0,0.0
KiLQh5wI5UFwJShsZjW5tpkDQCPW,CarNo4,8,596.11799999699,14,45,494.7599353
sDJCyYiE4lH1UJ7AhTudaP8yPrNH,CarNo0,8,839.237999998033,20,42,500.7139873
sDJCyYiE4lH1UJ7AhTudaP8yPrNH,CarNo1,0,0.0,0,0,0.0
sDJCyYiE4lH1UJ7AhTudaP8yPrNH,CarNo2,3,331.3959999997169,30,8,210.1388566
sDJCyYiE4lH1UJ7AhTudaP8yPrNH,CarNo3,0,0.0,0,0,0.0
sDJCyYiE4lH1UJ7AhTudaP8yPrNH,CarNo4,0,0.0,0,0,0.0
Ps2ZSUD5pdefswnMcTMjqUmYzVck,CarNo0,4,164.72599999979138,28,46,268.7694121
Ps2ZSUD5pdefswnMcTMjqUmYzVck,CarNo1,0,0.0,0,0,0.0
Ps2ZSUD5pdefswnMcTMjqUmYzVck,CarNo2,3,245.8260000012815,45,27,225.4540971
Ps2ZSUD5pdefswnMcTMjqUmYzVck,CarNo3,0,0.0,0,0,0.0
Ps2ZSUD5pdefswnMcTMjqUmYzVck,CarNo4,0,0.0,0,0,0.0
AQZHTEUM7ypmvGSuGEgMB7sA7Y8J,CarNo0,1,403.3499999996274,41,30,101.5067225
AQZHTEUM7ypmvGSuGEgMB7sA7Y8J,CarNo1,6,667.519999999553,43,34,403.577792
AQZHTEUM7ypmvGSuGEgMB7sA7Y8J,CarNo2,0,0.0,0,0,0.0
AQZHTEUM7ypmvGSuGEgMB7sA7Y8J,CarNo3,0,0.0,0,0,0.0
AQZHTEUM7ypmvGSuGEgMB7sA7Y8J,CarNo4,0,0.0,0,0,0.0
v19QVSlysE5FC3PfNoZb8QDwjZ3M,CarNo0,0,298.44819999998435,51,14,51.23830747
v19QVSlysE5FC3PfNoZb8QDwjZ3M,CarNo1,7,626.562000002712,52,48,472.8104427
v19QVSlysE5FC3PfNoZb8QDwjZ3M,CarNo2,0,0.0,0,0,0.0
v19QVSlysE5FC3PfNoZb8QDwjZ3M,CarNo3,0,0.0,0,0,0.0
v19QVSlysE5FC3PfNoZb8QDwjZ3M,CarNo4,0,0.0,0,0,0.0
AzUetoV9zkUIvtpNt9ixLcPLegu8,CarNo0,6,418.88200000301,25,14,385.2403147
AzUetoV9zkUIvtpNt9ixLcPLegu8,CarNo1,0,0.0,0,0,0.0
AzUetoV9zkUIvtpNt9ixLcPLegu8,CarNo2,7,785.9019999988377,50,23,410.3964317
AzUetoV9zkUIvtpNt9ixLcPLegu8,CarNo3,1,627.4350000005215,20,12,80.21045725
AzUetoV9zkUIvtpNt9ixLcPLegu8,CarNo4,0,0.0,0,0,0.0
hzpFjXzVKZPbOVhPC3DWTemLVLTY,CarNo0,1,776.4507999997586,23,41,83.69627418
hzpFjXzVKZPbOVhPC3DWTemLVLTY,CarNo1,5,765.7859999984503,31,9,331.1627631
hzpFjXzVKZPbOVhPC3DWTemLVLTY,CarNo2,5,211.6399999968708,36,1,336.020194
hzpFjXzVKZPbOVhPC3DWTemLVLTY,CarNo3,0,0.0,0,0,0.0
hzpFjXzVKZPbOVhPC3DWTemLVLTY,CarNo4,3,290.0159999988973,58,33,238.5548336
GPObzbfzQPC0d6hG447loMO4SLAq,CarNo0,9,224.445999994874,55,8,595.1370741
GPObzbfzQPC0d6hG447loMO4SLAq,CarNo1,0,0.0,0,0,0.0
GPObzbfzQPC0d6hG447loMO4SLAq,CarNo2,8,466.3640000000596,3,58,483.9744394
GPObzbfzQPC0d6hG447loMO4SLAq,CarNo3,5,272.7279999963939,1,14,301.2378788
GPObzbfzQPC0d6hG447loMO4SLAq,CarNo4,10,959.3399999961256,17,39,617.665989
rvMAWTS0nuQGDyJbnHgllReq6Uli,CarNo0,5,801.6379999965429,6,1,306.0300273
rvMAWTS0nuQGDyJbnHgllReq6Uli,CarNo1,0,0.0,0,0,0.0
rvMAWTS0nuQGDyJbnHgllReq6Uli,CarNo2,0,0.0,0,0,0.0
rvMAWTS0nuQGDyJbnHgllReq6Uli,CarNo3,5,921.3740000016988,4,55,304.9320229
rvMAWTS0nuQGDyJbnHgllReq6Uli,CarNo4,0,0.0,0,0,0.0
3jtdX841SxdCYoTCKml35FkzfQNY,CarNo0,8,337.8859999999404,25,22,505.3722981
3jtdX841SxdCYoTCKml35FkzfQNY,CarNo1,0,261.6726000001654,50,36,50.60436121
3jtdX841SxdCYoTCKml35FkzfQNY,CarNo2,0,0.0,0,0,0.0
3jtdX841SxdCYoTCKml35FkzfQNY,CarNo3,0,0.0,0,0,0.0
3jtdX841SxdCYoTCKml35FkzfQNY,CarNo4,8,499.9599999971688,38,2,518.041666
bSlAH978TW5HYd2lVfTaPhmHKgLf,CarNo0,4,203.35799999907613,35,30,275.5033893
bSlAH978TW5HYd2lVfTaPhmHKgLf,CarNo1,6,825.3339999988675,59,56,419.9470889
bSlAH978TW5HYd2lVfTaPhmHKgLf,CarNo2,0,0.0,0,0,0.0
bSlAH978TW5HYd2lVfTaPhmHKgLf,CarNo3,6,427.8539999984205,4,12,364.2071309
bSlAH978TW5HYd2lVfTaPhmHKgLf,CarNo4,0,0.0,0,0,0.0
TxeDRsOFGoD6wLHvKLOid8xv1Byr,CarNo0,7,469.5579999983311,9,5,429.0911593
TxeDRsOFGoD6wLHvKLOid8xv1Byr,CarNo1,0,0.0,0,0,0.0
TxeDRsOFGoD6wLHvKLOid8xv1Byr,CarNo2,5,503.37599999830127,20,12,320.2083896
TxeDRsOFGoD6wLHvKLOid8xv1Byr,CarNo3,0,659.2887999999803,34,35,34.59432148
TxeDRsOFGoD6wLHvKLOid8xv1Byr,CarNo4,10,236.45000000298023,20,22,620.3706075
RS8OGtT3nkNewsiGgMX8CUzOxGc6,CarNo0,1,277.2901999996975,14,43,74.72128817
RS8OGtT3nkNewsiGgMX8CUzOxGc6,CarNo1,0,0.0,0,0,0.0
RS8OGtT3nkNewsiGgMX8CUzOxGc6,CarNo2,0,0.0,0,0,0.0
RS8OGtT3nkNewsiGgMX8CUzOxGc6,CarNo3,4,303.61999999918044,39,40,279.671727
RS8OGtT3nkNewsiGgMX8CUzOxGc6,CarNo4,0,0.0,0,0,0.0
96iFYL0PrMe6csJGS53UjZA6ZF6R,CarNo0,2,169.66200000047684,5,54,125.9028277
96iFYL0PrMe6csJGS53UjZA6ZF6R,CarNo1,0,0.0,0,0,0.0
96iFYL0PrMe6csJGS53UjZA6ZF6R,CarNo2,0,0.0,0,0,0.0
96iFYL0PrMe6csJGS53UjZA6ZF6R,CarNo3,10,133.60800000280142,7,30,607.5022268
96iFYL0PrMe6csJGS53UjZA6ZF6R,CarNo4,0,0.0,0,0,0.0
akcuLNxcEOT1khlEN2DJFYLuvLX2,CarNo0,6,673.8439999967813,40,22,400.3778974
akcuLNxcEOT1khlEN2DJFYLuvLX2,CarNo1,3,643.6380000021309,56,15,236.2607273
akcuLNxcEOT1khlEN2DJFYLuvLX2,CarNo2,0,0.0,0,0,0.0
akcuLNxcEOT1khlEN2DJFYLuvLX2,CarNo3,0,0.0,0,0,0.0
akcuLNxcEOT1khlEN2DJFYLuvLX2,CarNo4,0,0.0,0,0,0.0
HZGwl0M2tVQfgSSh0w7oboefi6Z9,CarNo0,6,870.3540000021458,40,45,400.7645059
HZGwl0M2tVQfgSSh0w7oboefi6Z9,CarNo1,0,0.0,0,0,0.0
HZGwl0M2tVQfgSSh0w7oboefi6Z9,CarNo2,0,0.0,0,0,0.0
HZGwl0M2tVQfgSSh0w7oboefi6Z9,CarNo3,0,0.0,0,0,0.0
HZGwl0M2tVQfgSSh0w7oboefi6Z9,CarNo4,1,94.93999999947846,44,1,104.018249
qFfjmEhavbu0UAICgIpdg2YCM7bX,CarNo0,0,990.4007999999448,28,57,28.96650668
qFfjmEhavbu0UAICgIpdg2YCM7bX,CarNo1,0,0.0,0,0,0.0
qFfjmEhavbu0UAICgIpdg2YCM7bX,CarNo2,3,560.1919999998063,40,58,220.9760032
qFfjmEhavbu0UAICgIpdg2YCM7bX,CarNo3,10,88.456000007689,16,53,616.8848076
qFfjmEhavbu0UAICgIpdg2YCM7bX,CarNo4,0,0.0,0,0,0.0
D0scHErepk2dCPZb4AU6CgAiKOKP,CarNo0,5,805.8480000011623,21,39,321.6634308
D0scHErepk2dCPZb4AU6CgAiKOKP,CarNo1,0,0.0,0,0,0.0
D0scHErepk2dCPZb4AU6CgAiKOKP,CarNo2,0,0.0,0,0,0.0
D0scHErepk2dCPZb4AU6CgAiKOKP,CarNo3,0,0.0,0,0,0.0
D0scHErepk2dCPZb4AU6CgAiKOKP,CarNo4,0,0.0,0,0,0.0
CHRFdM3PRuLyRcbfWxlUIUroNf3b,CarNo0,6,290.34400000050664,29,41,389.6881724
CHRFdM3PRuLyRcbfWxlUIUroNf3b,CarNo1,5,747.2340000011027,37,57,337.9624539
CHRFdM3PRuLyRcbfWxlUIUroNf3b,CarNo2,5,915.3880000002682,28,35,328.5985898
CHRFdM3PRuLyRcbfWxlUIUroNf3b,CarNo3,7,828.6279999986291,46,8,466.1471438
CHRFdM3PRuLyRcbfWxlUIUroNf3b,CarNo4,0,0.0,0,0,0.0
yT7FN21NVFki9Opo3Lgv7KXG08D0,CarNo0,9,326.01800000295043,32,10,512.1721003
yT7FN21NVFki9Opo3Lgv7KXG08D0,CarNo1,1,960.9939999999478,53,8,113.1493499
yT7FN21NVFki9Opo3Lgv7KXG08D0,CarNo2,3,515.643999999389,40,47,220.7919274
yT7FN21NVFki9Opo3Lgv7KXG08D0,CarNo3,1,151.66660000011325,33,35,93.58586111
yT7FN21NVFki9Opo3Lgv7KXG08D0,CarNo4,0,0.0,0,0,0.0
IjUTM6YlMbPqCssN6lFwUFjbkEjN,CarNo0,3,401.41799999959767,52,9,232.1566903
IjUTM6YlMbPqCssN6lFwUFjbkEjN,CarNo1,0,0.0,0,0,0.0
IjUTM6YlMbPqCssN6lFwUFjbkEjN,CarNo2,1,212.14199999999252,55,48,115.8035357
IjUTM6YlMbPqCssN6lFwUFjbkEjN,CarNo3,0,0.0,0,0,0.0
IjUTM6YlMbPqCssN6lFwUFjbkEjN,CarNo4,10,475.09400000423193,23,25,623.4245849
jZQWJoWTnvFmOt4UVaDd82Z4XgG2,CarNo0,5,292.8400000035763,4,44,304.738214
jZQWJoWTnvFmOt4UVaDd82Z4XgG2,CarNo1,0,0.0,0,0,0.0
jZQWJoWTnvFmOt4UVaDd82Z4XgG2,CarNo2,5,941.0200000032784,51,20,351.349017
jZQWJoWTnvFmOt4UVaDd82Z4XgG2,CarNo3,0,0.0,0,0,0.0
jZQWJoWTnvFmOt4UVaDd82Z4XgG2,CarNo4,2,604.8479999992996,44,42,164.7100808
RnV7F1HaEfaZZE85lPnSh0tt2xPO,CarNo0,7,557.8560000024736,5,30,425.5092976
RnV7F1HaEfaZZE85lPnSh0tt2xPO,CarNo1,2,454.1359999999404,39,52,159.8742356
RnV7F1HaEfaZZE85lPnSh0tt2xPO,CarNo2,9,248.0980000011623,43,17,583.2874683
RnV7F1HaEfaZZE85lPnSh0tt2xPO,CarNo3,0,0.0,0,0,0.0
RnV7F1HaEfaZZE85lPnSh0tt2xPO,CarNo4,6,544.4699999988079,16,24,376.4090745
LpaJpmRxBufpIpyl4qxKdT6NnpzQ,CarNo0,7,62.06200000271201,14,2,434.0343677
LpaJpmRxBufpIpyl4qxKdT6NnpzQ,CarNo1,0,0.0,0,0,0.0
LpaJpmRxBufpIpyl4qxKdT6NnpzQ,CarNo2,0,0.0,0,0,0.0
LpaJpmRxBufpIpyl4qxKdT6NnpzQ,CarNo3,1,874.0067999996245,24,57,84.96456678
LpaJpmRxBufpIpyl4qxKdT6NnpzQ,CarNo4,0,0.0,0,0,0.0
zFwJTOCkJhW2v4R8jdXPXdtjDK70,CarNo0,10,304.7079999968409,32,14,632.2384118
zFwJTOCkJhW2v4R8jdXPXdtjDK70,CarNo1,0,0.0,0,0,0.0
zFwJTOCkJhW2v4R8jdXPXdtjDK70,CarNo2,4,638.2859999984503,18,27,258.4606381
zFwJTOCkJhW2v4R8jdXPXdtjDK70,CarNo3,0,0.0,0,0,0.0
zFwJTOCkJhW2v4R8jdXPXdtjDK70,CarNo4,5,877.0360000021756,6,53,306.8979506
7xhqS0iekCY3i37lgFyHlVQBCmHd,CarNo0,3,293.8379999976605,8,24,188.4048973
7xhqS0iekCY3i37lgFyHlVQBCmHd,CarNo1,1,588.0504000000656,31,48,91.80980084
7xhqS0iekCY3i37lgFyHlVQBCmHd,CarNo2,0,0.0,0,0,0.0
7xhqS0iekCY3i37lgFyHlVQBCmHd,CarNo3,0,0.0,0,0,0.0
7xhqS0iekCY3i37lgFyHlVQBCmHd,CarNo4,0,0.0,0,0,0.0
LnTD7KnkOEvKKil8XhuzUvjynEnm,CarNo0,2,408.4380000010133,54,12,174.2068073
LnTD7KnkOEvKKil8XhuzUvjynEnm,CarNo1,0,0.0,0,0,0.0
LnTD7KnkOEvKKil8XhuzUvjynEnm,CarNo2,9,93.54200000315905,54,19,594.3182257
LnTD7KnkOEvKKil8XhuzUvjynEnm,CarNo3,2,496.11799999978393,0,43,120.7249353
LnTD7KnkOEvKKil8XhuzUvjynEnm,CarNo4,0,0.0,0,0,0.0
zsOpQuQZv70ZthPm0Q9xkOonEvGf,CarNo0,3,69.33200000040233,33,37,213.6178222
zsOpQuQZv70ZthPm0Q9xkOonEvGf,CarNo1,8,933.7380000017585,25,45,505.7655623
zsOpQuQZv70ZthPm0Q9xkOonEvGf,CarNo2,7,18.43800000101328,1,24,421.4003073
zsOpQuQZv70ZthPm0Q9xkOonEvGf,CarNo3,0,0.0,0,0,0.0
zsOpQuQZv70ZthPm0Q9xkOonEvGf,CarNo4,1,186.90560000017285,21,46,81.76978176
c68RbY09dFYGyIGIwkzl4oFnuryL,CarNo0,0,695.8501800000085,9,3,9.061597503
c68RbY09dFYGyIGIwkzl4oFnuryL,CarNo1,0,0.0,0,0,0.0
c68RbY09dFYGyIGIwkzl4oFnuryL,CarNo2,6,728.2540000006557,11,32,371.5454709
c68RbY09dFYGyIGIwkzl4oFnuryL,CarNo3,0,0.0,0,0,0.0
c68RbY09dFYGyIGIwkzl4oFnuryL,CarNo4,0,0.0,0,0,0.0
gNyfPLzUxUzUlhWzYoOffE7oTh9y,CarNo0,2,624.4279999993742,19,10,139.1770738
gNyfPLzUxUzUlhWzYoOffE7oTh9y,CarNo1,0,0.0,0,0,0.0
gNyfPLzUxUzUlhWzYoOffE7oTh9y,CarNo2,0,0.0,0,0,0.0
gNyfPLzUxUzUlhWzYoOffE7oTh9y,CarNo3,10,976.487999998033,20,36,620.6162748
gNyfPLzUxUzUlhWzYoOffE7oTh9y,CarNo4,7,405.3779999986291,39,30,459.5067563
B3DFWMPcFXtY3GxozY7frzelzKse,CarNo0,10,204.89800000935796,33,44,573.7367483
B3DFWMPcFXtY3GxozY7frzelzKse,CarNo1,4,919.3940000012516,48,22,288.3819899
B3DFWMPcFXtY3GxozY7frzelzKse,CarNo2,0,0.0,0,0,0.0
B3DFWMPcFXtY3GxozY7frzelzKse,CarNo3,6,184.63399999588728,59,31,419.5197439
B3DFWMPcFXtY3GxozY7frzelzKse,CarNo4,0,0.0,0,0,0.0
8aPZnsIyp2ymcoFXGs0mPD1pqMvj,CarNo0,5,432.1739999987185,19,45,319.7572029
8aPZnsIyp2ymcoFXGs0mPD1pqMvj,CarNo1,0,0.0,0,0,0.0
8aPZnsIyp2ymcoFXGs0mPD1pqMvj,CarNo2,0,0.0,0,0,0.0
8aPZnsIyp2ymcoFXGs0mPD1pqMvj,CarNo3,6,465.45800000056624,51,31,411.5244243
8aPZnsIyp2ymcoFXGs0mPD1pqMvj,CarNo4,0,0.0,0,0,0.0
p2TqOZLfGLszHqWwzG7uJVsuFfeB,CarNo0,2,567.1820000009611,37,46,157.7761197
p2TqOZLfGLszHqWwzG7uJVsuFfeB,CarNo1,0,0.0,0,0,0.0
p2TqOZLfGLszHqWwzG7uJVsuFfeB,CarNo2,3,805.3580000009388,26,37,206.6300893
p2TqOZLfGLszHqWwzG7uJVsuFfeB,CarNo3,0,0.0,0,0,0.0
p2TqOZLfGLszHqWwzG7uJVsuFfeB,CarNo4,0,0.0,0,0,0.0
f7AVSXhUYpVVTk7HyWqwckgR1avf,CarNo0,10,659.4860000088811,24,46,624.7776581
f7AVSXhUYpVVTk7HyWqwckgR1avf,CarNo1,0,0.0,0,0,0.0
f7AVSXhUYpVVTk7HyWqwckgR1avf,CarNo2,9,308.179999999702,16,46,556.771803
f7AVSXhUYpVVTk7HyWqwckgR1avf,CarNo3,5,552.320000000298,48,4,348.075872
f7AVSXhUYpVVTk7HyWqwckgR1avf,CarNo4,1,551.4400000004098,47,11,107.192524
v9MGV4sazmd9UFrXWVCvwfobQszm,CarNo0,10,9.407999999821186,34,51,634.8501568
v9MGV4sazmd9UFrXWVCvwfobQszm,CarNo1,0,0.0,0,0,0.0
v9MGV4sazmd9UFrXWVCvwfobQszm,CarNo2,1,436.3439999995753,45,12,105.2072724
v9MGV4sazmd9UFrXWVCvwfobQszm,CarNo3,0,0.0,0,0,0.0
v9MGV4sazmd9UFrXWVCvwfobQszm,CarNo4,6,693.019999999553,53,46,413.778217
6wZaHsKDrUTfLj7nBzCAMZlBcNQ0,CarNo0,0,470.93359999987297,22,34,22.57451556
6wZaHsKDrUTfLj7nBzCAMZlBcNQ0,CarNo1,0,0.0,0,0,0.0
6wZaHsKDrUTfLj7nBzCAMZlBcNQ0,CarNo2,0,0.0,0,0,0.0
6wZaHsKDrUTfLj7nBzCAMZlBcNQ0,CarNo3,5,441.097999997437,33,34,333.5740183
6wZaHsKDrUTfLj7nBzCAMZlBcNQ0,CarNo4,0,0.0,0,0,0.0
FPDBrXKnwE45YYJhXEbvASUDcmJX,CarNo0,8,14.974000003188848,58,17,538.2835829
FPDBrXKnwE45YYJhXEbvASUDcmJX,CarNo1,0,0.0,0,0,0.0
FPDBrXKnwE45YYJhXEbvASUDcmJX,CarNo2,1,552.0065999999642,18,57,78.95920011
FPDBrXKnwE45YYJhXEbvASUDcmJX,CarNo3,0,0.0,0,0,0.0
FPDBrXKnwE45YYJhXEbvASUDcmJX,CarNo4,0,0.0,0,0,0.0
AfazfAk6YDYZy921N54nQEZVETWF,CarNo0,3,711.4320000000298,21,42,201.7118572
AfazfAk6YDYZy921N54nQEZVETWF,CarNo1,1,616.908400000073,23,32,83.54361514
AfazfAk6YDYZy921N54nQEZVETWF,CarNo2,3,862.480000000447,32,32,212.547708
AfazfAk6YDYZy921N54nQEZVETWF,CarNo3,0,0.0,0,0,0.0
AfazfAk6YDYZy921N54nQEZVETWF,CarNo4,0,0.0,0,0,0.0
2YwkXMvbApUaHBUTBv7Lnv83e1uh,CarNo0,9,615.4899999983609,18,35,558.5935915
2YwkXMvbApUaHBUTBv7Lnv83e1uh,CarNo1,0,0.0,0,0,0.0
2YwkXMvbApUaHBUTBv7Lnv83e1uh,CarNo2,0,0.0,0,0,0.0
2YwkXMvbApUaHBUTBv7Lnv83e1uh,CarNo3,0,0.0,0,0,0.0
2YwkXMvbApUaHBUTBv7Lnv83e1uh,CarNo4,0,0.0,0,0,0.0
q1OcGIL8oEIFLujkuIM8tglRpsO6,CarNo0,3,40.2240000013262,5,6,185.1006704
q1OcGIL8oEIFLujkuIM8tglRpsO6,CarNo1,1,595.1681999992579,15,3,75.05991947
q1OcGIL8oEIFLujkuIM8tglRpsO6,CarNo2,0,0.0,0,0,0.0
q1OcGIL8oEIFLujkuIM8tglRpsO6,CarNo3,4,753.6059999987483,18,21,258.3625601
q1OcGIL8oEIFLujkuIM8tglRpsO6,CarNo4,1,48.50639999983832,4,6,64.10080844
Yg3ppJ9AMFqkoEF7hObyzxOjxjUF,CarNo0,8,396.8799999989569,27,53,507.889948
Yg3ppJ9AMFqkoEF7hObyzxOjxjUF,CarNo1,6,441.9280000030994,10,44,370.7406988
Yg3ppJ9AMFqkoEF7hObyzxOjxjUF,CarNo2,0,0.0,0,0,0.0
Yg3ppJ9AMFqkoEF7hObyzxOjxjUF,CarNo3,2,934.946000000462,40,25,160.4322491
Yg3ppJ9AMFqkoEF7hObyzxOjxjUF,CarNo4,5,966.9199999980628,43,43,343.732782
sqDfaDeK0BYFrVv1eCPyHqGHULMd,CarNo0,6,894.0579999983311,30,14,390.2482343
sqDfaDeK0BYFrVv1eCPyHqGHULMd,CarNo1,0,0.0,0,0,0.0
sqDfaDeK0BYFrVv1eCPyHqGHULMd,CarNo2,0,305.4232000000775,49,14,49.23842372
sqDfaDeK0BYFrVv1eCPyHqGHULMd,CarNo3,0,0.0,0,0,0.0
sqDfaDeK0BYFrVv1eCPyHqGHULMd,CarNo4,0,0.0,0,0,0.0
KSVCIz6XHv6pDVV1Kd5xNkvIFFzp,CarNo0,3,336.0559999998659,56,25,236.4222676
KSVCIz6XHv6pDVV1Kd5xNkvIFFzp,CarNo1,7,569.4380000010133,40,16,460.2761573
KSVCIz6XHv6pDVV1Kd5xNkvIFFzp,CarNo2,5,34.96400000154972,13,4,313.0672494
KSVCIz6XHv6pDVV1Kd5xNkvIFFzp,CarNo3,1,285.06000000052154,48,54,108.904751
KSVCIz6XHv6pDVV1Kd5xNkvIFFzp,CarNo4,7,258.6959999985993,37,42,457.7043116
GX5IZqmOvzarl10CeektA9r3kQgX,CarNo0,10,395.582000002265,16,40,616.6732597
GX5IZqmOvzarl10CeektA9r3kQgX,CarNo1,7,511.1620000004768,45,32,465.5418527
GX5IZqmOvzarl10CeektA9r3kQgX,CarNo2,0,0.0,0,0,0.0
GX5IZqmOvzarl10CeektA9r3kQgX,CarNo3,1,545.2642000000924,24,2,84.04242107
GX5IZqmOvzarl10CeektA9r3kQgX,CarNo4,8,504.6440000012517,1,49,481.8250774
H9HnkhV5GlRkBH9aQaO9G8vIX7Ix,CarNo0,4,757.1759999990463,42,57,282.9626196
H9HnkhV5GlRkBH9aQaO9G8vIX7Ix,CarNo1,0,0.0,0,0,0.0
H9HnkhV5GlRkBH9aQaO9G8vIX7Ix,CarNo2,0,0.0,0,0,0.0
H9HnkhV5GlRkBH9aQaO9G8vIX7Ix,CarNo3,0,0.0,0,0,0.0
H9HnkhV5GlRkBH9aQaO9G8vIX7Ix,CarNo4,9,930.6359999999404,7,12,547.2155106
dbccdFCdnHKSydQ5RL8nyVVKgrLv,CarNo0,1,862.2210000008345,28,3,88.06437035
dbccdFCdnHKSydQ5RL8nyVVKgrLv,CarNo1,0,0.0,0,0,0.0
dbccdFCdnHKSydQ5RL8nyVVKgrLv,CarNo2,0,0.0,0,0,0.0
dbccdFCdnHKSydQ5RL8nyVVKgrLv,CarNo3,0,0.0,0,0,0.0
dbccdFCdnHKSydQ5RL8nyVVKgrLv,CarNo4,1,665.182999999728,0,55,60.92775305
riE7cTIXCxj9OSP4mwwsornNkpKI,CarNo0,6,572.4959999993443,31,36,391.6095416
riE7cTIXCxj9OSP4mwwsornNkpKI,CarNo1,4,543.9740000013262,33,43,273.7257329
riE7cTIXCxj9OSP4mwwsornNkpKI,CarNo2,1,395.50600000005215,22,56,82.9399251
riE7cTIXCxj9OSP4mwwsornNkpKI,CarNo3,0,0.0,0,0,0.0
riE7cTIXCxj9OSP4mwwsornNkpKI,CarNo4,0,0.0,0,0,0.0
olxtu07ggvHcrRGUDUUmjFM2dqEt,CarNo0,1,496.5262000001967,2,35,62.59160877
olxtu07ggvHcrRGUDUUmjFM2dqEt,CarNo1,0,0.0,0,0,0.0
olxtu07ggvHcrRGUDUUmjFM2dqEt,CarNo2,2,686.2039999999106,1,46,121.7781034
olxtu07ggvHcrRGUDUUmjFM2dqEt,CarNo3,0,0.0,0,0,0.0
olxtu07ggvHcrRGUDUUmjFM2dqEt,CarNo4,0,0.0,0,0,0.0
vJBSEtRSwDNUu69ja7szquYi6qv1,CarNo0,4,427.5520000010729,22,50,262.8404592
vJBSEtRSwDNUu69ja7szquYi6qv1,CarNo1,0,0.0,0,0,0.0
vJBSEtRSwDNUu69ja7szquYi6qv1,CarNo2,0,0.0,0,0,0.0
vJBSEtRSwDNUu69ja7szquYi6qv1,CarNo3,9,495.6419999971986,47,21,587.3582607
vJBSEtRSwDNUu69ja7szquYi6qv1,CarNo4,7,322.3699999973178,37,13,457.2220395
oJsVYPw8L1vNpBGekDh1SERJger5,CarNo0,2,611.0319999996573,50,41,170.6935172
oJsVYPw8L1vNpBGekDh1SERJger5,CarNo1,0,0.0,0,0,0.0
oJsVYPw8L1vNpBGekDh1SERJger5,CarNo2,0,0.0,0,0,0.0
oJsVYPw8L1vNpBGekDh1SERJger5,CarNo3,0,0.0,0,0,0.0
oJsVYPw8L1vNpBGekDh1SERJger5,CarNo4,0,0.0,0,0,0.0
RTpvD5i2dYjfw4X5MnAxdRAgFSw8,CarNo0,6,658.0559999980032,41,12,401.2109676
RTpvD5i2dYjfw4X5MnAxdRAgFSw8,CarNo1,0,0.0,0,0,0.0
RTpvD5i2dYjfw4X5MnAxdRAgFSw8,CarNo2,0,0.0,0,0,0.0
RTpvD5i2dYjfw4X5MnAxdRAgFSw8,CarNo3,0,0.0,0,0,0.0
RTpvD5i2dYjfw4X5MnAxdRAgFSw8,CarNo4,0,0.0,0,0,0.0
xan8lBAnNk0nB6ERBcqOCd7u3qx9,CarNo0,10,811.3020000010729,10,0,610.0135217
xan8lBAnNk0nB6ERBcqOCd7u3qx9,CarNo1,1,541.7160000000149,48,42,108.7090286
xan8lBAnNk0nB6ERBcqOCd7u3qx9,CarNo2,0,0.0,0,0,0.0
xan8lBAnNk0nB6ERBcqOCd7u3qx9,CarNo3,5,550.7120000012219,11,55,311.9258452
xan8lBAnNk0nB6ERBcqOCd7u3qx9,CarNo4,0,0.0,0,0,0.0
V1kP8cxDyN9BJ1n4QITUlu07hq4C,CarNo0,6,714.3779999986291,34,15,334.2619063
V1kP8cxDyN9BJ1n4QITUlu07hq4C,CarNo1,0,0.0,0,0,0.0
V1kP8cxDyN9BJ1n4QITUlu07hq4C,CarNo2,0,0.0,0,0,0.0
V1kP8cxDyN9BJ1n4QITUlu07hq4C,CarNo3,1,890.4579999996349,55,53,115.8981743
V1kP8cxDyN9BJ1n4QITUlu07hq4C,CarNo4,0,0.0,0,0,0.0
cF0Wyj9VVJCTn4WdGGChzhMOd4eg,CarNo0,3,726.7480000015348,8,2,188.0454458
cF0Wyj9VVJCTn4WdGGChzhMOd4eg,CarNo1,0,0.0,0,0,0.0
cF0Wyj9VVJCTn4WdGGChzhMOd4eg,CarNo2,0,0.0,0,0,0.0
cF0Wyj9VVJCTn4WdGGChzhMOd4eg,CarNo3,0,0.0,0,0,0.0
cF0Wyj9VVJCTn4WdGGChzhMOd4eg,CarNo4,4,510.96599999815226,44,42,284.7085161
Qjfa0EIZAO49Y2bQfBvMx7BNSqpN,CarNo0,0,247.5312000000849,31,39,31.65412552
Qjfa0EIZAO49Y2bQfBvMx7BNSqpN,CarNo1,0,0.0,0,0,0.0
Qjfa0EIZAO49Y2bQfBvMx7BNSqpN,CarNo2,0,589.4543999999296,30,45,30.75982424
Qjfa0EIZAO49Y2bQfBvMx7BNSqpN,CarNo3,2,15.973999999463558,23,25,143.4169329
Qjfa0EIZAO49Y2bQfBvMx7BNSqpN,CarNo4,4,172.7879999987781,24,24,264.4028798
kFZyCFC3ycymzjztmbkXl3fB9xyW,CarNo0,8,171.5460000038147,46,6,526.1028591
kFZyCFC3ycymzjztmbkXl3fB9xyW,CarNo1,6,618.7140000015497,33,36,393.6103119
kFZyCFC3ycymzjztmbkXl3fB9xyW,CarNo2,0,0.0,0,0,0.0
kFZyCFC3ycymzjztmbkXl3fB9xyW,CarNo3,4,708.3999999985099,50,14,290.24514
kFZyCFC3ycymzjztmbkXl3fB9xyW,CarNo4,0,0.0,0,0,0.0
KPrEYumhaTuHlHRgnkUu97BrpRXe,CarNo0,8,711.0960000008345,57,12,537.2118516
KPrEYumhaTuHlHRgnkUu97BrpRXe,CarNo1,2,214.85599999967965,15,7,135.1202476
KPrEYumhaTuHlHRgnkUu97BrpRXe,CarNo2,2,293.66200000047684,49,44,169.7382277
KPrEYumhaTuHlHRgnkUu97BrpRXe,CarNo3,4,315.4740000013262,56,51,296.8552579
KPrEYumhaTuHlHRgnkUu97BrpRXe,CarNo4,10,98.15399999916552,13,39,553.6516359
hC8mes8W8tIrr4RWksIa7ApleMjY,CarNo0,0,101.56200000003446,13,57,13.9516927
hC8mes8W8tIrr4RWksIa7ApleMjY,CarNo1,7,883.2299999967217,49,54,469.9147205
hC8mes8W8tIrr4RWksIa7ApleMjY,CarNo2,0,0.0,0,0,0.0
hC8mes8W8tIrr4RWksIa7ApleMjY,CarNo3,1,215.0919999992475,30,23,90.3869182
hC8mes8W8tIrr4RWksIa7ApleMjY,CarNo4,10,697.5780000016093,5,48,605.8116263
v3v6nJrTo6zFJh2Iz4G8vxY6nj6w,CarNo0,8,781.7540000006557,2,58,482.9796959
v3v6nJrTo6zFJh2Iz4G8vxY6nj6w,CarNo1,6,571.6740000024438,56,57,416.9595279
v3v6nJrTo6zFJh2Iz4G8vxY6nj6w,CarNo2,0,0.0,0,0,0.0
v3v6nJrTo6zFJh2Iz4G8vxY6nj6w,CarNo3,4,235.63600000180304,25,2,265.0372606
v3v6nJrTo6zFJh2Iz4G8vxY6nj6w,CarNo4,6,762.7639999985695,56,52,416.8793794
9zXpoRkpQnOLxyDv2Nwh4OGa0tF9,CarNo0,1,722.9624000000767,11,1,71.02871604
9zXpoRkpQnOLxyDv2Nwh4OGa0tF9,CarNo1,0,0.0,0,0,0.0
9zXpoRkpQnOLxyDv2Nwh4OGa0tF9,CarNo2,0,0.0,0,0,0.0
9zXpoRkpQnOLxyDv2Nwh4OGa0tF9,CarNo3,8,794.9600000008941,26,55,506.929916
9zXpoRkpQnOLxyDv2Nwh4OGa0tF9,CarNo4,0,0.0,0,0,0.0
5Ut31Z3JLRQ5VEnOHsbfIiDngsn6,CarNo0,10,593.6620000004768,7,23,607.3932277
5Ut31Z3JLRQ5VEnOHsbfIiDngsn6,CarNo1,0,0.0,0,0,0.0
5Ut31Z3JLRQ5VEnOHsbfIiDngsn6,CarNo2,0,0.0,0,0,0.0
5Ut31Z3JLRQ5VEnOHsbfIiDngsn6,CarNo3,2,728.8780000004917,29,26,149.4454813
5Ut31Z3JLRQ5VEnOHsbfIiDngsn6,CarNo4,10,491.64800000190735,34,31,634.5248608
v2PJktox4UaAxBM8FkRjqRBuq4xl,CarNo0,1,363.98240000009537,19,37,79.62273304
v2PJktox4UaAxBM8FkRjqRBuq4xl,CarNo1,0,0.0,0,0,0.0
v2PJktox4UaAxBM8FkRjqRBuq4xl,CarNo2,2,774.6780000003055,7,39,127.6629113
v2PJktox4UaAxBM8FkRjqRBuq4xl,CarNo3,6,407.0920000001788,57,32,417.5401182
v2PJktox4UaAxBM8FkRjqRBuq4xl,CarNo4,9,475.2900000028312,54,48,534.8079215
PC1DkTqtsXwuZDWtiwbV3hz7ywQF,CarNo0,9,697.9479999914765,53,35,593.5949658
PC1DkTqtsXwuZDWtiwbV3hz7ywQF,CarNo1,4,812.6340000014752,50,36,290.6135439
PC1DkTqtsXwuZDWtiwbV3hz7ywQF,CarNo2,4,996.8660000003874,34,13,274.2332811
PC1DkTqtsXwuZDWtiwbV3hz7ywQF,CarNo3,2,70.60800000000745,7,39,127.6511768
PC1DkTqtsXwuZDWtiwbV3hz7ywQF,CarNo4,10,617.4560000002384,22,7,622.1269576
G7vfj6tBOWdyBPF6JSVsoueSOKZj,CarNo0,2,456.3339999988675,31,2,151.0409389
G7vfj6tBOWdyBPF6JSVsoueSOKZj,CarNo1,3,488.5299999993295,4,23,184.3914755
G7vfj6tBOWdyBPF6JSVsoueSOKZj,CarNo2,0,0.0,0,0,0.0
G7vfj6tBOWdyBPF6JSVsoueSOKZj,CarNo3,0,0.0,0,0,0.0
G7vfj6tBOWdyBPF6JSVsoueSOKZj,CarNo4,0,0.0,0,0,0.0
4LUCh0ruuxlkBB1pxbNkT5eSR7Kb,CarNo0,3,459.910000000149,58,44,238.7409985
4LUCh0ruuxlkBB1pxbNkT5eSR7Kb,CarNo1,9,769.3640000000596,29,37,509.6294894
4LUCh0ruuxlkBB1pxbNkT5eSR7Kb,CarNo2,0,0.0,0,0,0.0
4LUCh0ruuxlkBB1pxbNkT5eSR7Kb,CarNo3,10,529.5920000001788,37,49,577.8254932
4LUCh0ruuxlkBB1pxbNkT5eSR7Kb,CarNo4,0,0.0,0,0,0.0
YeJCriKMlMZg6VmpjSzwhuy2v283,CarNo0,6,339.85200000181794,36,54,396.9056642
YeJCriKMlMZg6VmpjSzwhuy2v283,CarNo1,0,0.0,0,0,0.0
YeJCriKMlMZg6VmpjSzwhuy2v283,CarNo2,0,0.0,0,0,0.0
YeJCriKMlMZg6VmpjSzwhuy2v283,CarNo3,1,0.3004000000655651,16,44,76.73333834
YeJCriKMlMZg6VmpjSzwhuy2v283,CarNo4,7,918.030000001192,52,39,472.6653005
9oZgW9HCCdpzhAoagUckGWMKGd4g,CarNo0,8,488.3500000014901,21,38,501.6414725
9oZgW9HCCdpzhAoagUckGWMKGd4g,CarNo1,3,771.3300000000745,1,6,181.1128555
9oZgW9HCCdpzhAoagUckGWMKGd4g,CarNo2,0,0.0,0,0,0.0
9oZgW9HCCdpzhAoagUckGWMKGd4g,CarNo3,0,0.0,0,0,0.0
9oZgW9HCCdpzhAoagUckGWMKGd4g,CarNo4,0,0.0,0,0,0.0
gseq3y0F0qvRgCzbtSFMCggrnORL,CarNo0,6,187.98800000175837,27,31,387.5197998
gseq3y0F0qvRgCzbtSFMCggrnORL,CarNo1,9,396.5219999998808,33,51,573.8566087
gseq3y0F0qvRgCzbtSFMCggrnORL,CarNo2,4,50.15599999949336,35,34,275.5675026
gseq3y0F0qvRgCzbtSFMCggrnORL,CarNo3,9,811.8000000007451,16,15,556.26353
gseq3y0F0qvRgCzbtSFMCggrnORL,CarNo4,0,0.0,0,0,0.0
oWQGSfSWgmXlnr9QobNdt8bJILcm,CarNo0,6,117.92799999937417,5,26,365.4352988
oWQGSfSWgmXlnr9QobNdt8bJILcm,CarNo1,7,855.4520000033081,7,4,427.0809242
oWQGSfSWgmXlnr9QobNdt8bJILcm,CarNo2,0,0.0,0,0,0.0
oWQGSfSWgmXlnr9QobNdt8bJILcm,CarNo3,0,0.0,0,0,0.0
oWQGSfSWgmXlnr9QobNdt8bJILcm,CarNo4,0,0.0,0,0,0.0
zfSp6MSSeDG2NZGUWPuN7VtAR9K7,CarNo0,2,353.7259999997914,20,40,140.6725621
zfSp6MSSeDG2NZGUWPuN7VtAR9K7,CarNo1,0,0.0,0,0,0.0
zfSp6MSSeDG2NZGUWPuN7VtAR9K7,CarNo2,0,0.0,0,0,0.0
zfSp6MSSeDG2NZGUWPuN7VtAR9K7,CarNo3,0,0.0,0,0,0.0
zfSp6MSSeDG2NZGUWPuN7VtAR9K7,CarNo4,11,416.23799999803305,38,9,638.1569373
c8BEL1n0EtyCDW3aL8duHnLM5srs,CarNo0,8,640.2020000033081,30,28,510.4773367
c8BEL1n0EtyCDW3aL8duHnLM5srs,CarNo1,0,0.0,0,0,0.0
c8BEL1n0EtyCDW3aL8duHnLM5srs,CarNo2,4,62.51799999922514,32,26,272.4343753
c8BEL1n0EtyCDW3aL8duHnLM5srs,CarNo3,0,0.0,0,0,0.0
c8BEL1n0EtyCDW3aL8duHnLM5srs,CarNo4,0,0.0,0,0,0.0
TDsXrcrNe23SkAMW5IvHcoXcPrAy,CarNo0,1,688.4540000003763,10,40,70.6781409
TDsXrcrNe23SkAMW5IvHcoXcPrAy,CarNo1,4,633.2480000015348,36,49,276.8272208
TDsXrcrNe23SkAMW5IvHcoXcPrAy,CarNo2,0,0.0,0,0,0.0
TDsXrcrNe23SkAMW5IvHcoXcPrAy,CarNo3,8,961.8359999991952,24,6,504.1160306
TDsXrcrNe23SkAMW5IvHcoXcPrAy,CarNo4,0,0.0,0,0,0.0
ZuVhLRzbYCqVW3Cq1OUk1qZse1Mw,CarNo0,5,300.5820000004024,3,57,303.9550097
ZuVhLRzbYCqVW3Cq1OUk1qZse1Mw,CarNo1,0,0.0,0,0,0.0
ZuVhLRzbYCqVW3Cq1OUk1qZse1Mw,CarNo2,0,0.0,0,0,0.0
ZuVhLRzbYCqVW3Cq1OUk1qZse1Mw,CarNo3,0,0.0,0,0,0.0
ZuVhLRzbYCqVW3Cq1OUk1qZse1Mw,CarNo4,2,658.109999999404,45,45,165.7609685
VRtApYFHqbsjznJyOuJW3C7e13t8,CarNo0,9,782.3999999947846,50,36,590.61304
VRtApYFHqbsjznJyOuJW3C7e13t8,CarNo1,0,0.0,0,0,0.0
VRtApYFHqbsjznJyOuJW3C7e13t8,CarNo2,4,359.3619999997318,16,11,256.1893227
VRtApYFHqbsjznJyOuJW3C7e13t8,CarNo3,8,496.8560000024736,44,55,524.9249476
VRtApYFHqbsjznJyOuJW3C7e13t8,CarNo4,0,0.0,0,0,0.0
2S5wXulwgbkWR9TKVi5PYameYiCq,CarNo0,8,326.05599999800324,22,38,502.6387676
2S5wXulwgbkWR9TKVi5PYameYiCq,CarNo1,0,0.0,0,0,0.0
2S5wXulwgbkWR9TKVi5PYameYiCq,CarNo2,0,0.0,0,0,0.0
2S5wXulwgbkWR9TKVi5PYameYiCq,CarNo3,2,977.9000000003724,9,52,129.882965
2S5wXulwgbkWR9TKVi5PYameYiCq,CarNo4,8,540.8680000007153,34,11,514.1923478
iM05RivsK0UTDqFOcYoQWa1bzzg4,CarNo0,3,354.70800000056624,56,15,236.2559118
iM05RivsK0UTDqFOcYoQWa1bzzg4,CarNo1,0,0.0,0,0,0.0
iM05RivsK0UTDqFOcYoQWa1bzzg4,CarNo2,9,581.7580000013113,14,38,554.6430293
iM05RivsK0UTDqFOcYoQWa1bzzg4,CarNo3,10,562.6040000021458,5,49,605.8260434
iM05RivsK0UTDqFOcYoQWa1bzzg4,CarNo4,0,0.0,0,0,0.0
F517GYgbwp4jH26wX3k6JFKRlaxA,CarNo0,2,283.52400000207126,29,30,149.5047254
F517GYgbwp4jH26wX3k6JFKRlaxA,CarNo1,2,814.0620000008494,47,0,167.0135677
F517GYgbwp4jH26wX3k6JFKRlaxA,CarNo2,8,444.4440000019968,55,39,535.6574074
F517GYgbwp4jH26wX3k6JFKRlaxA,CarNo3,0,0.0,0,0,0.0
F517GYgbwp4jH26wX3k6JFKRlaxA,CarNo4,7,296.2039999999106,28,43,448.7216034
dNSuGGND42NjUSQzYGferqS6vcff,CarNo0,2,653.6220000013709,46,3,166.0608937
dNSuGGND42NjUSQzYGferqS6vcff,CarNo1,8,840.1200000010431,19,21,499.364002
dNSuGGND42NjUSQzYGferqS6vcff,CarNo2,3,278.3519999999553,12,33,192.5546392
dNSuGGND42NjUSQzYGferqS6vcff,CarNo3,0,0.0,0,0,0.0
dNSuGGND42NjUSQzYGferqS6vcff,CarNo4,0,0.0,0,0,0.0
4rK5yyeD1ghITdszt8c1moeHzMFc,CarNo0,4,293.7099999990314,43,26,283.4382285
4rK5yyeD1ghITdszt8c1moeHzMFc,CarNo1,0,337.5744000000413,32,12,32.20562624
4rK5yyeD1ghITdszt8c1moeHzMFc,CarNo2,0,0.0,0,0,0.0
4rK5yyeD1ghITdszt8c1moeHzMFc,CarNo3,5,141.9440000001341,22,13,322.2190324
4rK5yyeD1ghITdszt8c1moeHzMFc,CarNo4,1,153.2299999995157,51,34,111.5692205
2MTKFsq33wIoUGdskR56DhiOve58,CarNo0,10,343.3340000063181,30,28,630.4723889
2MTKFsq33wIoUGdskR56DhiOve58,CarNo1,0,0.0,0,0,0.0
2MTKFsq33wIoUGdskR56DhiOve58,CarNo2,0,0.0,0,0,0.0
2MTKFsq33wIoUGdskR56DhiOve58,CarNo3,0,0.0,0,0,0.0
2MTKFsq33wIoUGdskR56DhiOve58,CarNo4,3,724.3420000001788,1,53,181.8954057
3yjDNXQeetYGAEn2QeHrYzXJWTEC,CarNo0,0,106.496399999829,31,51,31.85177494
3yjDNXQeetYGAEn2QeHrYzXJWTEC,CarNo1,0,0.0,0,0,0.0
3yjDNXQeetYGAEn2QeHrYzXJWTEC,CarNo2,7,898.2919999994338,3,25,423.4316382
3yjDNXQeetYGAEn2QeHrYzXJWTEC,CarNo3,7,572.9660000018775,14,4,434.0762161
3yjDNXQeetYGAEn2QeHrYzXJWTEC,CarNo4,3,791.003999998793,17,36,197.6131834
v77G361zqoYXDSO8zwlll4IADveI,CarNo0,6,641.1460000015795,24,17,384.2940191
v77G361zqoYXDSO8zwlll4IADveI,CarNo1,0,0.0,0,0,0.0
v77G361zqoYXDSO8zwlll4IADveI,CarNo2,0,0.0,0,0,0.0
v77G361zqoYXDSO8zwlll4IADveI,CarNo3,0,0.0,0,0,0.0
v77G361zqoYXDSO8zwlll4IADveI,CarNo4,0,0.0,0,0,0.0
1jZwUgNM7VVwy3VN7nS2i5x9JTWv,CarNo0,9,347.74800000339746,38,12,578.2057958
1jZwUgNM7VVwy3VN7nS2i5x9JTWv,CarNo1,0,0.0,0,0,0.0
1jZwUgNM7VVwy3VN7nS2i5x9JTWv,CarNo2,0,0.0,0,0,0.0
1jZwUgNM7VVwy3VN7nS2i5x9JTWv,CarNo3,0,0.0,0,0,0.0
1jZwUgNM7VVwy3VN7nS2i5x9JTWv,CarNo4,0,0.0,0,0,0.0
JEWubemSEBOPCZ3j9mcQJGVuBt33,CarNo0,7,511.48000000044703,37,26,457.441858
JEWubemSEBOPCZ3j9mcQJGVuBt33,CarNo1,7,356.2179999984801,1,26,421.4392703
JEWubemSEBOPCZ3j9mcQJGVuBt33,CarNo2,0,0.0,0,0,0.0
JEWubemSEBOPCZ3j9mcQJGVuBt33,CarNo3,0,0.0,0,0,0.0
JEWubemSEBOPCZ3j9mcQJGVuBt33,CarNo4,0,0.0,0,0,0.0
mmdgDGZY3IUruVfkjkhAopkgj3BW,CarNo0,0,981.3558000000194,20,33,20.56635593
mmdgDGZY3IUruVfkjkhAopkgj3BW,CarNo1,0,0.0,0,0,0.0
mmdgDGZY3IUruVfkjkhAopkgj3BW,CarNo2,10,747.987999998033,40,23,640.3957998
mmdgDGZY3IUruVfkjkhAopkgj3BW,CarNo3,0,0.0,0,0,0.0
mmdgDGZY3IUruVfkjkhAopkgj3BW,CarNo4,4,368.4239999987185,51,0,291.0061404
T5lTnOD4nCbzNwHHIsMwvRtnI0HD,CarNo0,5,978.7880000006407,26,7,326.1329798
T5lTnOD4nCbzNwHHIsMwvRtnI0HD,CarNo1,2,938.0920000001788,22,14,142.2489682
T5lTnOD4nCbzNwHHIsMwvRtnI0HD,CarNo2,2,766.4739999994636,54,59,174.9961079
T5lTnOD4nCbzNwHHIsMwvRtnI0HD,CarNo3,0,0.0,0,0,0.0
T5lTnOD4nCbzNwHHIsMwvRtnI0HD,CarNo4,0,0.0,0,0,0.0
aCluDRGNQNqNvMYUj9DjOAua2K1i,CarNo0,4,771.1879999991506,4,58,244.9795198
aCluDRGNQNqNvMYUj9DjOAua2K1i,CarNo1,4,818.2680000010878,25,57,265.9636378
aCluDRGNQNqNvMYUj9DjOAua2K1i,CarNo2,0,0.0,0,0,0.0
aCluDRGNQNqNvMYUj9DjOAua2K1i,CarNo3,1,151.36479999963194,20,41,80.68585608
aCluDRGNQNqNvMYUj9DjOAua2K1i,CarNo4,7,161.78400000184774,15,9,435.1526964
kn9aOLeJK2WDhG6GPxIvBi8wZhsy,CarNo0,5,676.0419999994338,51,29,351.4946007
kn9aOLeJK2WDhG6GPxIvBi8wZhsy,CarNo1,0,481.013399999938,13,48,13.80801689
kn9aOLeJK2WDhG6GPxIvBi8wZhsy,CarNo2,0,0.0,0,0,0.0
kn9aOLeJK2WDhG6GPxIvBi8wZhsy,CarNo3,2,491.2479999996722,37,2,157.0415208
kn9aOLeJK2WDhG6GPxIvBi8wZhsy,CarNo4,1,73.627400000114,4,58,64.96789379
DG42Ytu3QXK49BG86gMjPYxmIBkv,CarNo0,6,45.84400000050664,39,44,399.7340974
DG42Ytu3QXK49BG86gMjPYxmIBkv,CarNo1,0,0.0,0,0,0.0
DG42Ytu3QXK49BG86gMjPYxmIBkv,CarNo2,5,625.5359999984503,12,36,312.6104256
DG42Ytu3QXK49BG86gMjPYxmIBkv,CarNo3,0,0.0,0,0,0.0
DG42Ytu3QXK49BG86gMjPYxmIBkv,CarNo4,7,762.7980000004172,47,27,467.4627133
xO3KVjo9WswrIJjj6Y6zl2FTJ0zL,CarNo0,3,784.9319999981672,40,24,220.4130822
xO3KVjo9WswrIJjj6Y6zl2FTJ0zL,CarNo1,8,585.1220000013709,40,25,520.4264187
xO3KVjo9WswrIJjj6Y6zl2FTJ0zL,CarNo2,0,0.0,0,0,0.0
xO3KVjo9WswrIJjj6Y6zl2FTJ0zL,CarNo3,3,903.5839999988676,15,40,195.6817264
xO3KVjo9WswrIJjj6Y6zl2FTJ0zL,CarNo4,0,0.0,0,0,0.0
qGGWQggeTUk4XoJMTIT0mqPSVh7R,CarNo0,7,895.1180000007153,43,43,463.7315853
qGGWQggeTUk4XoJMTIT0mqPSVh7R,CarNo1,0,0.0,0,0,0.0
qGGWQggeTUk4XoJMTIT0mqPSVh7R,CarNo2,0,0.0,0,0,0.0
qGGWQggeTUk4XoJMTIT0mqPSVh7R,CarNo3,3,879.7799999993294,49,9,229.164663
qGGWQggeTUk4XoJMTIT0mqPSVh7R,CarNo4,0,0.0,0,0,0.0
UVgGqkFu472Kasv2vnln2htnqSiF,CarNo0,5,890.7120000012219,38,27,338.4648452
UVgGqkFu472Kasv2vnln2htnqSiF,CarNo1,0,0.0,0,0,0.0
UVgGqkFu472Kasv2vnln2htnqSiF,CarNo2,0,0.0,0,0,0.0
UVgGqkFu472Kasv2vnln2htnqSiF,CarNo3,0,0.0,0,0,0.0
UVgGqkFu472Kasv2vnln2htnqSiF,CarNo4,1,707.4020000007004,56,31,116.5284567
8R5Zd0MaDYY0OSAswM5PzSpKVRuS,CarNo0,7,361.027999997139,50,34,470.5726838
8R5Zd0MaDYY0OSAswM5PzSpKVRuS,CarNo1,5,814.4219999983907,20,0,320.0135737
8R5Zd0MaDYY0OSAswM5PzSpKVRuS,CarNo2,0,0.0,0,0,0.0
8R5Zd0MaDYY0OSAswM5PzSpKVRuS,CarNo3,9,467.4639999940992,43,23,583.3911244
8R5Zd0MaDYY0OSAswM5PzSpKVRuS,CarNo4,6,33.3940000012517,10,29,370.4838899
Jri30ES1Zn82fQGmwkb6zfgkzQln,CarNo0,4,506.4599999990314,17,42,257.708441
Jri30ES1Zn82fQGmwkb6zfgkzQln,CarNo1,0,0.0,0,0,0.0
Jri30ES1Zn82fQGmwkb6zfgkzQln,CarNo2,7,31.961999997496605,5,36,425.6005327
Jri30ES1Zn82fQGmwkb6zfgkzQln,CarNo3,3,948.9020000007004,22,1,202.0324817
Jri30ES1Zn82fQGmwkb6zfgkzQln,CarNo4,9,797.6079999953508,11,44,551.7466268
ZiSOdXyZALYxcjIX7yzQUdiPTu8n,CarNo0,0,44.55260000005365,21,40,21.66740921
ZiSOdXyZALYxcjIX7yzQUdiPTu8n,CarNo1,0,0.0,0,0,0.0
ZiSOdXyZALYxcjIX7yzQUdiPTu8n,CarNo2,0,0.0,0,0,0.0
ZiSOdXyZALYxcjIX7yzQUdiPTu8n,CarNo3,0,0.0,0,0,0.0
ZiSOdXyZALYxcjIX7yzQUdiPTu8n,CarNo4,2,57.43199999816716,38,54,158.9009572
qimuxa3hM6kDKu6oH9CFP3G6zZAx,CarNo0,5,909.4939999990164,57,28,357.4818249
qimuxa3hM6kDKu6oH9CFP3G6zZAx,CarNo1,5,479.5699999984354,12,13,312.2246595
qimuxa3hM6kDKu6oH9CFP3G6zZAx,CarNo2,0,0.0,0,0,0.0
qimuxa3hM6kDKu6oH9CFP3G6zZAx,CarNo3,5,269.1000000014901,30,51,330.854485
qimuxa3hM6kDKu6oH9CFP3G6zZAx,CarNo4,2,741.2000000001863,13,40,133.67902
yC7JD2pqNtNLiFy0RNa6ZSGirXIX,CarNo0,4,591.5140000004321,21,20,261.3431919
yC7JD2pqNtNLiFy0RNa6ZSGirXIX,CarNo1,0,0.0,0,0,0.0
yC7JD2pqNtNLiFy0RNa6ZSGirXIX,CarNo2,8,913.357999999076,42,58,462.9818893
yC7JD2pqNtNLiFy0RNa6ZSGirXIX,CarNo3,0,0.0,0,0,0.0
yC7JD2pqNtNLiFy0RNa6ZSGirXIX,CarNo4,0,0.0,0,0,0.0
Gx4ZOtYWVOToe1rdRybGJwPBkE64,CarNo0,6,982.2219999991356,18,26,378.4497037
Gx4ZOtYWVOToe1rdRybGJwPBkE64,CarNo1,10,293.53400000184774,26,37,566.6215589
Gx4ZOtYWVOToe1rdRybGJwPBkE64,CarNo2,0,0.0,0,0,0.0
Gx4ZOtYWVOToe1rdRybGJwPBkE64,CarNo3,0,0.0,0,0,0.0
Gx4ZOtYWVOToe1rdRybGJwPBkE64,CarNo4,3,539.2180000003427,49,26,229.4423203
tHLsTrB5maZngVkwnvr7ko7qXeq3,CarNo0,5,862.7600000016391,45,7,345.131046
tHLsTrB5maZngVkwnvr7ko7qXeq3,CarNo1,0,0.0,0,0,0.0
tHLsTrB5maZngVkwnvr7ko7qXeq3,CarNo2,4,280.0659999996424,49,5,289.0880011
tHLsTrB5maZngVkwnvr7ko7qXeq3,CarNo3,1,603.7680000001565,56,27,116.4600628
tHLsTrB5maZngVkwnvr7ko7qXeq3,CarNo4,5,243.687999997288,53,56,353.9373948
wszKVAYDjb9N3FiAeFjhQbLr4Nab,CarNo0,6,238.4560000039637,55,47,415.7873076
wszKVAYDjb9N3FiAeFjhQbLr4Nab,CarNo1,0,0.0,0,0,0.0
wszKVAYDjb9N3FiAeFjhQbLr4Nab,CarNo2,0,0.0,0,0,0.0
wszKVAYDjb9N3FiAeFjhQbLr4Nab,CarNo3,0,0.0,0,0,0.0
wszKVAYDjb9N3FiAeFjhQbLr4Nab,CarNo4,0,0.0,0,0,0.0
5daSwWAZjtahnJSDW3CXLepFK92S,CarNo0,6,579.4240000024438,16,5,376.0929904
5daSwWAZjtahnJSDW3CXLepFK92S,CarNo1,0,0.0,0,0,0.0
5daSwWAZjtahnJSDW3CXLepFK92S,CarNo2,0,0.0,0,0,0.0
5daSwWAZjtahnJSDW3CXLepFK92S,CarNo3,0,0.0,0,0,0.0
5daSwWAZjtahnJSDW3CXLepFK92S,CarNo4,8,305.6760000027716,40,57,520.9550946
iTII4owGY4t4AOMmeL8LpzRvXqzr,CarNo0,5,692.237999998033,42,27,342.4615373
iTII4owGY4t4AOMmeL8LpzRvXqzr,CarNo1,8,186.394000004977,18,38,498.6364399
iTII4owGY4t4AOMmeL8LpzRvXqzr,CarNo2,5,996.3000000007452,50,54,350.916605
iTII4owGY4t4AOMmeL8LpzRvXqzr,CarNo3,0,0.0,0,0,0.0
iTII4owGY4t4AOMmeL8LpzRvXqzr,CarNo4,0,0.0,0,0,0.0
eAK9gyXAQni5YhsraYJybL7PvlYz,CarNo0,9,985.5859999991952,17,13,557.2330931
eAK9gyXAQni5YhsraYJybL7PvlYz,CarNo1,2,518.2599999997765,42,2,162.041971
eAK9gyXAQni5YhsraYJybL7PvlYz,CarNo2,8,188.8179999999702,55,29,535.4864803
eAK9gyXAQni5YhsraYJybL7PvlYz,CarNo3,0,0.0,0,0,0.0
eAK9gyXAQni5YhsraYJybL7PvlYz,CarNo4,4,52.042000003159046,43,56,283.9342007
d7fYAdhqRqwy9W4W85DwZMRLkdpg,CarNo0,3,739.3640000000596,55,40,235.6789894
d7fYAdhqRqwy9W4W85DwZMRLkdpg,CarNo1,0,0.0,0,0,0.0
d7fYAdhqRqwy9W4W85DwZMRLkdpg,CarNo2,1,140.328000000678,31,15,91.2523388
d7fYAdhqRqwy9W4W85DwZMRLkdpg,CarNo3,0,0.0,0,0,0.0
d7fYAdhqRqwy9W4W85DwZMRLkdpg,CarNo4,0,0.0,0,0,0.0
OFGiVbEP4RcRZSsT4tbKuqICxp1D,CarNo0,10,3.461999997496605,23,0,623.0000577
OFGiVbEP4RcRZSsT4tbKuqICxp1D,CarNo1,1,754.472000000067,50,1,110.0292412
OFGiVbEP4RcRZSsT4tbKuqICxp1D,CarNo2,0,0.0,0,0,0.0
OFGiVbEP4RcRZSsT4tbKuqICxp1D,CarNo3,6,552.9959999993443,38,42,398.7092166
OFGiVbEP4RcRZSsT4tbKuqICxp1D,CarNo4,10,224.81199999898672,26,14,626.2370802
jY2W4TpZC5Zc3L6YG1p5PMmekzpq,CarNo0,4,348.1519999988377,20,58,260.9724692
jY2W4TpZC5Zc3L6YG1p5PMmekzpq,CarNo1,0,0.0,0,0,0.0
jY2W4TpZC5Zc3L6YG1p5PMmekzpq,CarNo2,0,0.0,0,0,0.0
jY2W4TpZC5Zc3L6YG1p5PMmekzpq,CarNo3,0,0.0,0,0,0.0
jY2W4TpZC5Zc3L6YG1p5PMmekzpq,CarNo4,0,0.0,0,0,0.0
Mkfxukn1NMFsqtDJ8AlIWqLW1nsv,CarNo0,3,388.1080000009388,41,47,221.7898018
Mkfxukn1NMFsqtDJ8AlIWqLW1nsv,CarNo1,3,272.3080000001937,53,32,233.5378718
Mkfxukn1NMFsqtDJ8AlIWqLW1nsv,CarNo2,0,0.0,0,0,0.0
Mkfxukn1NMFsqtDJ8AlIWqLW1nsv,CarNo3,0,0.0,0,0,0.0
Mkfxukn1NMFsqtDJ8AlIWqLW1nsv,CarNo4,2,447.1859999997541,10,30,130.5074531
QVbtNBSd2f2q8Ug7WUv2dQkl9WCG,CarNo0,6,557.0599999986589,30,22,390.375951
QVbtNBSd2f2q8Ug7WUv2dQkl9WCG,CarNo1,8,825.6160000003874,51,20,531.3470936
QVbtNBSd2f2q8Ug7WUv2dQkl9WCG,CarNo2,0,0.0,0,0,0.0
QVbtNBSd2f2q8Ug7WUv2dQkl9WCG,CarNo3,8,798.410000000149,35,37,515.6299735
QVbtNBSd2f2q8Ug7WUv2dQkl9WCG,CarNo4,0,0.0,0,0,0.0
76DQmHZt9BTIfWiqTBvSXa2C593l,CarNo0,6,802.679999999702,20,9,380.163378
76DQmHZt9BTIfWiqTBvSXa2C593l,CarNo1,0,0.0,0,0,0.0
76DQmHZt9BTIfWiqTBvSXa2C593l,CarNo2,3,766.3959999997169,30,59,210.9961066
76DQmHZt9BTIfWiqTBvSXa2C593l,CarNo3,0,212.9587999996729,50,13,50.22021598
76DQmHZt9BTIfWiqTBvSXa2C593l,CarNo4,0,0.0,0,0,0.0
qdME25OLQd30m7dkpArP8rqBDBub,CarNo0,2,617.3820000002161,19,24,139.4102897
qdME25OLQd30m7dkpArP8rqBDBub,CarNo1,10,702.0879999995232,6,8,606.1450348
qdME25OLQd30m7dkpArP8rqBDBub,CarNo2,0,0.0,0,0,0.0
qdME25OLQd30m7dkpArP8rqBDBub,CarNo3,0,0.0,0,0,0.0
qdME25OLQd30m7dkpArP8rqBDBub,CarNo4,0,0.0,0,0,0.0
6ic5rK9SYj5Cz3pzIZFQnRau4Ym2,CarNo0,6,318.6739999987185,10,52,370.8719779
6ic5rK9SYj5Cz3pzIZFQnRau4Ym2,CarNo1,0,705.7986000003293,33,33,33.56176331
6ic5rK9SYj5Cz3pzIZFQnRau4Ym2,CarNo2,6,783.3940000012517,51,17,411.2963899
6ic5rK9SYj5Cz3pzIZFQnRau4Ym2,CarNo3,0,0.0,0,0,0.0
6ic5rK9SYj5Cz3pzIZFQnRau4Ym2,CarNo4,6,918.462000001222,17,51,377.8653077
B6i8qJf44VAPlwXOqauN2a1qVxrQ,CarNo0,6,694.4320000000298,41,29,401.4949072
B6i8qJf44VAPlwXOqauN2a1qVxrQ,CarNo1,0,0.0,0,0,0.0
B6i8qJf44VAPlwXOqauN2a1qVxrQ,CarNo2,0,0.0,0,0,0.0
B6i8qJf44VAPlwXOqauN2a1qVxrQ,CarNo3,0,0.0,0,0,0.0
B6i8qJf44VAPlwXOqauN2a1qVxrQ,CarNo4,3,529.5720000006258,4,6,184.1088262
JrrWFIyjbFdGc9YbDiMZ5sQmZITU,CarNo0,3,797.5520000010729,3,31,183.5299592
JrrWFIyjbFdGc9YbDiMZ5sQmZITU,CarNo1,3,271.0360000003129,30,47,210.7878506
JrrWFIyjbFdGc9YbDiMZ5sQmZITU,CarNo2,0,0.0,0,0,0.0
JrrWFIyjbFdGc9YbDiMZ5sQmZITU,CarNo3,0,0.0,0,0,0.0
JrrWFIyjbFdGc9YbDiMZ5sQmZITU,CarNo4,0,0.0,0,0,0.0
SzRKLRSWaJo2a3a3FN4RfvSiJsYA,CarNo0,7,873.4039999991655,34,10,454.1812234
SzRKLRSWaJo2a3a3FN4RfvSiJsYA,CarNo1,4,994.5600000005217,12,30,252.516576
SzRKLRSWaJo2a3a3FN4RfvSiJsYA,CarNo2,0,0.0,0,0,0.0
SzRKLRSWaJo2a3a3FN4RfvSiJsYA,CarNo3,0,0.0,0,0,0.0
SzRKLRSWaJo2a3a3FN4RfvSiJsYA,CarNo4,0,0.0,0,0,0.0
GD7S2knZp4HPeG10f130dSMaAaWQ,CarNo0,6,536.5399999991059,14,46,374.775609
GD7S2knZp4HPeG10f130dSMaAaWQ,CarNo1,0,0.0,0,0,0.0
GD7S2knZp4HPeG10f130dSMaAaWQ,CarNo2,0,0.0,0,0,0.0
GD7S2knZp4HPeG10f130dSMaAaWQ,CarNo3,4,678.262000001967,49,35,289.5946377
GD7S2knZp4HPeG10f130dSMaAaWQ,CarNo4,3,473.7580000013113,31,47,211.7912293
l98harCvRWswHR72v7fB9yvFmKYS,CarNo0,4,127.29399999976158,46,5,286.0854549
l98harCvRWswHR72v7fB9yvFmKYS,CarNo1,9,601.5200000032783,17,46,557.776692
l98harCvRWswHR72v7fB9yvFmKYS,CarNo2,7,234.62599999830127,33,43,453.7205771
l98harCvRWswHR72v7fB9yvFmKYS,CarNo3,0,0.0,0,0,0.0
l98harCvRWswHR72v7fB9yvFmKYS,CarNo4,0,0.0,0,0,0.0
nD7mGWBKrmmXEg1VDTNBPRDOTGhj,CarNo0,5,64.53400000184774,29,35,329.5844089
nD7mGWBKrmmXEg1VDTNBPRDOTGhj,CarNo1,0,0.0,0,0,0.0
nD7mGWBKrmmXEg1VDTNBPRDOTGhj,CarNo2,8,457.5659999996424,34,57,514.9576261
nD7mGWBKrmmXEg1VDTNBPRDOTGhj,CarNo3,0,0.0,0,0,0.0
nD7mGWBKrmmXEg1VDTNBPRDOTGhj,CarNo4,9,580.3340000063181,56,16,596.2763389
jV6Ay0lbbV8MnIklmM8HbDhiaP2D,CarNo0,8,419.46000000089407,28,45,508.756991
jV6Ay0lbbV8MnIklmM8HbDhiaP2D,CarNo1,7,552.6260000020266,28,37,448.6258771
jV6Ay0lbbV8MnIklmM8HbDhiaP2D,CarNo2,2,561.9120000004768,57,18,177.3093652
jV6Ay0lbbV8MnIklmM8HbDhiaP2D,CarNo3,8,687.9519999995828,46,29,526.4947992
jV6Ay0lbbV8MnIklmM8HbDhiaP2D,CarNo4,0,0.0,0,0,0.0
qxxu8lGULDfPcx70wxcVuJ1ucIgc,CarNo0,2,438.9540000017733,59,15,179.2573159
qxxu8lGULDfPcx70wxcVuJ1ucIgc,CarNo1,3,364.26799999922514,13,34,193.5727378
qxxu8lGULDfPcx70wxcVuJ1ucIgc,CarNo2,8,80.78199999779463,39,2,519.0346797
qxxu8lGULDfPcx70wxcVuJ1ucIgc,CarNo3,8,264.8780000023544,9,25,489.4210813
qxxu8lGULDfPcx70wxcVuJ1ucIgc,CarNo4,2,105.668000000529,8,1,128.0184278
cSo7PbMPuaixFDT7vZbmSi5ucgK9,CarNo0,7,932.7639999985696,30,41,450.6988794
cSo7PbMPuaixFDT7vZbmSi5ucgK9,CarNo1,0,0.0,0,0,0.0
cSo7PbMPuaixFDT7vZbmSi5ucgK9,CarNo2,10,842.332000002265,55,11,595.1973722
cSo7PbMPuaixFDT7vZbmSi5ucgK9,CarNo3,2,319.89399999845773,12,32,132.5386649
cSo7PbMPuaixFDT7vZbmSi5ucgK9,CarNo4,2,566.0379999987781,37,50,157.8427673
LmGmrjST4aX3aDmu8VToKODPyvHI,CarNo0,10,497.6499999985099,44,59,644.9916275
LmGmrjST4aX3aDmu8VToKODPyvHI,CarNo1,0,0.0,0,0,0.0
LmGmrjST4aX3aDmu8VToKODPyvHI,CarNo2,5,80.44999999925494,17,13,317.2180075
LmGmrjST4aX3aDmu8VToKODPyvHI,CarNo3,0,0.0,0,0,0.0
LmGmrjST4aX3aDmu8VToKODPyvHI,CarNo4,7,0.6479999981820583,1,42,421.7000108
Ci3r8HAjw6eAFnYGT7KQwO7e3yFK,CarNo0,9,831.0179999992251,44,21,584.3638503
Ci3r8HAjw6eAFnYGT7KQwO7e3yFK,CarNo1,1,590.8239999995567,4,5,64.0931804
Ci3r8HAjw6eAFnYGT7KQwO7e3yFK,CarNo2,9,120.11199999973178,52,32,592.5353352
Ci3r8HAjw6eAFnYGT7KQwO7e3yFK,CarNo3,0,0.0,0,0,0.0
Ci3r8HAjw6eAFnYGT7KQwO7e3yFK,CarNo4,1,765.6625999994576,14,43,74.72942771
AkS2iUgURZD5DvitMxSYBaTyUAi1,CarNo0,2,665.3660000003874,33,10,153.1777561
AkS2iUgURZD5DvitMxSYBaTyUAi1,CarNo1,1,729.146599999629,29,34,89.57881911
AkS2iUgURZD5DvitMxSYBaTyUAi1,CarNo2,0,0.0,0,0,0.0
AkS2iUgURZD5DvitMxSYBaTyUAi1,CarNo3,0,0.0,0,0,0.0
AkS2iUgURZD5DvitMxSYBaTyUAi1,CarNo4,0,0.0,0,0,0.0
Yu5uF9uKggfzyXBfen89dC3zudNh,CarNo0,2,820.8959999997169,54,51,174.8636816
Yu5uF9uKggfzyXBfen89dC3zudNh,CarNo1,9,546.0959999971092,14,3,554.0591016
Yu5uF9uKggfzyXBfen89dC3zudNh,CarNo2,0,0.0,0,0,0.0
Yu5uF9uKggfzyXBfen89dC3zudNh,CarNo3,0,0.0,0,0,0.0
Yu5uF9uKggfzyXBfen89dC3zudNh,CarNo4,6,759.1039999984205,47,1,407.0293184
XbVKuaQtbYUPRJeO2QYZCCBI3vCG,CarNo0,1,615.4270000001416,29,53,89.89359045
XbVKuaQtbYUPRJeO2QYZCCBI3vCG,CarNo1,2,8.682000000029802,23,48,143.8001447
XbVKuaQtbYUPRJeO2QYZCCBI3vCG,CarNo2,1,199.7480000006035,50,1,110.0199958
XbVKuaQtbYUPRJeO2QYZCCBI3vCG,CarNo3,5,986.8760000020266,47,13,347.2331146
XbVKuaQtbYUPRJeO2QYZCCBI3vCG,CarNo4,0,0.0,0,0,0.0
c77BjJaX7FuIXI2KbRLGkKHiNTVg,CarNo0,2,440.84600000083447,12,49,132.8240141
c77BjJaX7FuIXI2KbRLGkKHiNTVg,CarNo1,0,0.0,0,0,0.0
c77BjJaX7FuIXI2KbRLGkKHiNTVg,CarNo2,3,885.8179999999702,9,46,189.7814303
c77BjJaX7FuIXI2KbRLGkKHiNTVg,CarNo3,0,0.0,0,0,0.0
c77BjJaX7FuIXI2KbRLGkKHiNTVg,CarNo4,0,0.0,0,0,0.0
OeOFaM3tg0zUiK129QmtXRoqyY2E,CarNo0,8,144.41400000080466,23,9,503.1524069
OeOFaM3tg0zUiK129QmtXRoqyY2E,CarNo1,1,962.9577999999748,14,20,74.34938263
OeOFaM3tg0zUiK129QmtXRoqyY2E,CarNo2,0,0.0,0,0,0.0
OeOFaM3tg0zUiK129QmtXRoqyY2E,CarNo3,8,498.39800000190735,11,31,491.5249733
OeOFaM3tg0zUiK129QmtXRoqyY2E,CarNo4,0,0.0,0,0,0.0
o5bXRNJHmwZtTGmsNwRFJzQ7HhDE,CarNo0,7,74.63399999961257,1,45,421.7512439
o5bXRNJHmwZtTGmsNwRFJzQ7HhDE,CarNo1,8,304.12600000202656,24,38,504.6384021
o5bXRNJHmwZtTGmsNwRFJzQ7HhDE,CarNo2,0,0.0,0,0,0.0
o5bXRNJHmwZtTGmsNwRFJzQ7HhDE,CarNo3,0,781.4242000000086,19,2,19.04635707
o5bXRNJHmwZtTGmsNwRFJzQ7HhDE,CarNo4,0,0.0,0,0,0.0
n7HPRoXhJRfPmG8NrcYXprjOJ2hg,CarNo0,0,629.1515999999829,39,51,39.86048586
n7HPRoXhJRfPmG8NrcYXprjOJ2hg,CarNo1,0,0.0,0,0,0.0
n7HPRoXhJRfPmG8NrcYXprjOJ2hg,CarNo2,4,159.34799999929965,6,12,246.2026558
n7HPRoXhJRfPmG8NrcYXprjOJ2hg,CarNo3,5,792.0700000021607,3,47,303.7965345
n7HPRoXhJRfPmG8NrcYXprjOJ2hg,CarNo4,8,642.7879999987781,1,46,481.7773798
k3PpD4ucDW7SPJ5lVz41XCp7lZs2,CarNo0,7,867.5179999992251,45,25,465.4311253
k3PpD4ucDW7SPJ5lVz41XCp7lZs2,CarNo1,7,513.0060000009835,19,33,439.5585501
k3PpD4ucDW7SPJ5lVz41XCp7lZs2,CarNo2,0,0.0,0,0,0.0
k3PpD4ucDW7SPJ5lVz41XCp7lZs2,CarNo3,0,0.0,0,0,0.0
k3PpD4ucDW7SPJ5lVz41XCp7lZs2,CarNo4,5,772.6719999983907,12,23,312.3962112
yPuOqjCn0du540EHFr5O3aCbOWJx,CarNo0,1,56.53300000075251,15,14,75.23427555
yPuOqjCn0du540EHFr5O3aCbOWJx,CarNo1,0,0.0,0,0,0.0
yPuOqjCn0du540EHFr5O3aCbOWJx,CarNo2,0,0.0,0,0,0.0
yPuOqjCn0du540EHFr5O3aCbOWJx,CarNo3,6,60.09600000083447,55,45,415.7510016
yPuOqjCn0du540EHFr5O3aCbOWJx,CarNo4,0,0.0,0,0,0.0
K7omm1qN2VYADKpqW6PQjkssc3ts,CarNo0,1,255.80460000038147,10,21,70.35426341
K7omm1qN2VYADKpqW6PQjkssc3ts,CarNo1,0,0.0,0,0,0.0
K7omm1qN2VYADKpqW6PQjkssc3ts,CarNo2,8,849.1940000019968,52,28,532.4808199
K7omm1qN2VYADKpqW6PQjkssc3ts,CarNo3,8,33.46400000154972,4,13,484.2172244
K7omm1qN2VYADKpqW6PQjkssc3ts,CarNo4,9,373.2560000009835,16,43,556.7228876
Xm8zeysGK25R22Y2dPKh1ToQR4yq,CarNo0,0,390.1788000001106,31,18,31.30650298
Xm8zeysGK25R22Y2dPKh1ToQR4yq,CarNo1,2,598.730000000447,6,43,126.7266455
Xm8zeysGK25R22Y2dPKh1ToQR4yq,CarNo2,7,641.9499999992549,54,26,474.4440325
Xm8zeysGK25R22Y2dPKh1ToQR4yq,CarNo3,0,0.0,0,0,0.0
Xm8zeysGK25R22Y2dPKh1ToQR4yq,CarNo4,7,513.4519999995828,48,28,468.4752242
DV1jScXZOPFC4ScKaL0IojxOp5gc,CarNo0,0,683.0556000000797,54,21,54.36138426
DV1jScXZOPFC4ScKaL0IojxOp5gc,CarNo1,0,0.0,0,0,0.0
DV1jScXZOPFC4ScKaL0IojxOp5gc,CarNo2,0,0.0,0,0,0.0
DV1jScXZOPFC4ScKaL0IojxOp5gc,CarNo3,0,0.0,0,0,0.0
DV1jScXZOPFC4ScKaL0IojxOp5gc,CarNo4,5,9.8260000012815,57,20,357.3334971
x8vRZK55BXhnH3WwgIb8WbeeRGdo,CarNo0,3,407.9819999989122,14,3,194.0567997
x8vRZK55BXhnH3WwgIb8WbeeRGdo,CarNo1,9,264.3719999976456,38,6,578.1044062
x8vRZK55BXhnH3WwgIb8WbeeRGdo,CarNo2,5,29.35200000181794,53,36,353.6004892
x8vRZK55BXhnH3WwgIb8WbeeRGdo,CarNo3,0,0.0,0,0,0.0
x8vRZK55BXhnH3WwgIb8WbeeRGdo,CarNo4,4,226.1359999999404,55,22,295.3704356
1pcLdUnA7HpjRwswTkOzchoKgBpA,CarNo0,3,911.6579999998212,57,33,237.5651943
1pcLdUnA7HpjRwswTkOzchoKgBpA,CarNo1,7,59.98799999803305,40,45,460.7509998
1pcLdUnA7HpjRwswTkOzchoKgBpA,CarNo2,1,165.8688000002876,30,21,90.35276448
1pcLdUnA7HpjRwswTkOzchoKgBpA,CarNo3,0,0.0,0,0,0.0
1pcLdUnA7HpjRwswTkOzchoKgBpA,CarNo4,9,517.8360000029206,23,36,563.6086306
uB3lGNm8uJkFH8OAu68ZXZj2h1WP,CarNo0,9,159.44400000199676,0,18,540.3026574
uB3lGNm8uJkFH8OAu68ZXZj2h1WP,CarNo1,0,0.0,0,0,0.0
uB3lGNm8uJkFH8OAu68ZXZj2h1WP,CarNo2,3,152.32999999821186,1,16,181.2692055
uB3lGNm8uJkFH8OAu68ZXZj2h1WP,CarNo3,0,0.0,0,0,0.0
uB3lGNm8uJkFH8OAu68ZXZj2h1WP,CarNo4,0,0.0,0,0,0.0
c0basWY0hlk2k9jFt00Ittnnkxa4,CarNo0,4,903.570000000298,21,15,261.2650595
c0basWY0hlk2k9jFt00Ittnnkxa4,CarNo1,0,0.0,0,0,0.0
c0basWY0hlk2k9jFt00Ittnnkxa4,CarNo2,8,857.6180000007153,34,28,454.4809603
c0basWY0hlk2k9jFt00Ittnnkxa4,CarNo3,0,0.0,0,0,0.0
c0basWY0hlk2k9jFt00Ittnnkxa4,CarNo4,0,0.0,0,0,0.0
Sh2ODMTAkwCvVMTvsLWNDuLPrkyf,CarNo0,7,717.4159999974072,45,55,465.9286236
Sh2ODMTAkwCvVMTvsLWNDuLPrkyf,CarNo1,0,0.0,0,0,0.0
Sh2ODMTAkwCvVMTvsLWNDuLPrkyf,CarNo2,5,140.48999999836087,46,12,346.2023415
Sh2ODMTAkwCvVMTvsLWNDuLPrkyf,CarNo3,8,594.8299999982119,13,43,493.7265805
Sh2ODMTAkwCvVMTvsLWNDuLPrkyf,CarNo4,0,0.0,0,0,0.0
5BShPEQqU0XpOPRbvc5mlTtjhgz1,CarNo0,5,655.0240000002086,8,20,308.3442504
5BShPEQqU0XpOPRbvc5mlTtjhgz1,CarNo1,3,841.3179999999702,0,47,180.7973553
5BShPEQqU0XpOPRbvc5mlTtjhgz1,CarNo2,0,0.0,0,0,0.0
5BShPEQqU0XpOPRbvc5mlTtjhgz1,CarNo3,7,444.8060000017285,14,37,434.6240801
5BShPEQqU0XpOPRbvc5mlTtjhgz1,CarNo4,8,651.1240000016987,43,20,523.3441854
I9U8qJPz1Ga6uFTm3i5QIvurlKnH,CarNo0,4,88.10200000181794,36,2,276.0348017
I9U8qJPz1Ga6uFTm3i5QIvurlKnH,CarNo1,0,990.9861999999266,32,14,32.24984977
I9U8qJPz1Ga6uFTm3i5QIvurlKnH,CarNo2,0,0.0,0,0,0.0
I9U8qJPz1Ga6uFTm3i5QIvurlKnH,CarNo3,0,0.0,0,0,0.0
I9U8qJPz1Ga6uFTm3i5QIvurlKnH,CarNo4,1,151.07959999982268,22,43,82.71918466
tk9j1xMvdfxYUatfHk4K4mY5B0Jq,CarNo0,7,980.3399999961256,20,51,440.866339
tk9j1xMvdfxYUatfHk4K4mY5B0Jq,CarNo1,5,309.72199999913573,2,40,302.6718287
tk9j1xMvdfxYUatfHk4K4mY5B0Jq,CarNo2,0,0.0,0,0,0.0
tk9j1xMvdfxYUatfHk4K4mY5B0Jq,CarNo3,5,77.87000000104308,29,4,329.0679645
tk9j1xMvdfxYUatfHk4K4mY5B0Jq,CarNo4,6,667.5580000020564,57,29,417.4944593
T5F6taDIYr87dCJTtTXCmnkGjUsr,CarNo0,7,453.46599999815226,38,38,458.6408911
T5F6taDIYr87dCJTtTXCmnkGjUsr,CarNo1,0,0.0,0,0,0.0
T5F6taDIYr87dCJTtTXCmnkGjUsr,CarNo2,6,806.4159999974072,37,41,397.6967736
T5F6taDIYr87dCJTtTXCmnkGjUsr,CarNo3,6,595.7040000036359,5,12,365.2099284
T5F6taDIYr87dCJTtTXCmnkGjUsr,CarNo4,8,99.0219999998808,46,26,526.4349837
HXfhKnT97cbM7AZoQ2srMbEHtm8B,CarNo0,9,918.3059999980032,26,42,566.7153051
HXfhKnT97cbM7AZoQ2srMbEHtm8B,CarNo1,0,0.0,0,0,0.0
HXfhKnT97cbM7AZoQ2srMbEHtm8B,CarNo2,1,26.259200000204142,34,58,94.96710432
HXfhKnT97cbM7AZoQ2srMbEHtm8B,CarNo3,6,804.5060000009835,43,55,403.9300751
HXfhKnT97cbM7AZoQ2srMbEHtm8B,CarNo4,0,0.0,0,0,0.0
XdzKOtSQq1SMc3doQtsTJ0XujrDW,CarNo0,2,969.7319999989122,29,45,149.7661622
XdzKOtSQq1SMc3doQtsTJ0XujrDW,CarNo1,0,0.0,0,0,0.0
XdzKOtSQq1SMc3doQtsTJ0XujrDW,CarNo2,3,137.0719999987632,25,4,205.0689512
XdzKOtSQq1SMc3doQtsTJ0XujrDW,CarNo3,3,805.6699999999255,27,34,207.5800945
XdzKOtSQq1SMc3doQtsTJ0XujrDW,CarNo4,1,964.7434000000358,17,26,77.44941239
oGn7HvCazvBuoe71McjN0rKSNxO6,CarNo0,2,122.39000000059605,55,22,175.3687065
oGn7HvCazvBuoe71McjN0rKSNxO6,CarNo1,0,0.0,0,0,0.0
oGn7HvCazvBuoe71McjN0rKSNxO6,CarNo2,2,691.176000000909,42,57,162.9615196
oGn7HvCazvBuoe71McjN0rKSNxO6,CarNo3,0,0.0,0,0,0.0
oGn7HvCazvBuoe71McjN0rKSNxO6,CarNo4,5,545.2199999988079,41,48,341.809087
T98SMlKNBkgvpaayjxgAYbQQSSnh,CarNo0,1,862.2031999998726,17,4,77.08103672
T98SMlKNBkgvpaayjxgAYbQQSSnh,CarNo1,8,607.6019999980927,4,0,484.0101267
T98SMlKNBkgvpaayjxgAYbQQSSnh,CarNo2,5,910.0640000030398,32,43,332.7318344
T98SMlKNBkgvpaayjxgAYbQQSSnh,CarNo3,0,0.0,0,0,0.0
T98SMlKNBkgvpaayjxgAYbQQSSnh,CarNo4,2,575.99199999962,22,20,142.3429332
cZb0hhLIqskb4jkoMOeQ26LtXate,CarNo0,9,471.9560000039637,10,25,550.4245326
cZb0hhLIqskb4jkoMOeQ26LtXate,CarNo1,0,0.0,0,0,0.0
cZb0hhLIqskb4jkoMOeQ26LtXate,CarNo2,10,86.85999999940395,40,44,640.734781
cZb0hhLIqskb4jkoMOeQ26LtXate,CarNo3,0,0.0,0,0,0.0
cZb0hhLIqskb4jkoMOeQ26LtXate,CarNo4,0,0.0,0,0,0.0
NhnveADOKNBSGmjOychXGFHvLk7h,CarNo0,0,317.6075999997556,40,36,40.60529346
NhnveADOKNBSGmjOychXGFHvLk7h,CarNo1,0,0.0,0,0,0.0
NhnveADOKNBSGmjOychXGFHvLk7h,CarNo2,3,940.1939999982716,31,3,211.0656699
NhnveADOKNBSGmjOychXGFHvLk7h,CarNo3,0,0.0,0,0,0.0
NhnveADOKNBSGmjOychXGFHvLk7h,CarNo4,0,956.282600000035,33,55,33.93260471
TacSDSiR4b4whiVVCkxVqLazan2y,CarNo0,8,272.75,36,34,516.5712125
TacSDSiR4b4whiVVCkxVqLazan2y,CarNo1,0,0.0,0,0,0.0
TacSDSiR4b4whiVVCkxVqLazan2y,CarNo2,0,0.0,0,0,0.0
TacSDSiR4b4whiVVCkxVqLazan2y,CarNo3,8,251.25999999791384,42,11,522.187521
TacSDSiR4b4whiVVCkxVqLazan2y,CarNo4,0,0.0,0,0,0.0
btkrucnoGx8w3ZaM1seX94u33O7U,CarNo0,3,792.5380000006407,32,41,212.6965423
btkrucnoGx8w3ZaM1seX94u33O7U,CarNo1,7,792.8500000014901,57,35,477.5965475
btkrucnoGx8w3ZaM1seX94u33O7U,CarNo2,3,214.179999999702,54,56,234.936903
btkrucnoGx8w3ZaM1seX94u33O7U,CarNo3,1,430.5195999997668,9,8,69.14050866
btkrucnoGx8w3ZaM1seX94u33O7U,CarNo4,0,0.0,0,0,0.0
OLIsMmESexckWBHRyy0SWu7XU0oj,CarNo0,3,166.73000000044703,8,7,188.1194455
OLIsMmESexckWBHRyy0SWu7XU0oj,CarNo1,4,74.79800000041723,3,28,243.4679133
OLIsMmESexckWBHRyy0SWu7XU0oj,CarNo2,3,409.7280000001192,8,12,188.2068288
OLIsMmESexckWBHRyy0SWu7XU0oj,CarNo3,0,0.0,0,0,0.0
OLIsMmESexckWBHRyy0SWu7XU0oj,CarNo4,3,528.4179999995977,18,44,198.7421403
dhetdVVC2SvxtfJLz5ZaExhARQ66,CarNo0,9,352.27600000053644,41,56,581.9392046
dhetdVVC2SvxtfJLz5ZaExhARQ66,CarNo1,0,0.0,0,0,0.0
dhetdVVC2SvxtfJLz5ZaExhARQ66,CarNo2,7,124.88800000026822,5,53,425.8854148
dhetdVVC2SvxtfJLz5ZaExhARQ66,CarNo3,0,0.0,0,0,0.0
dhetdVVC2SvxtfJLz5ZaExhARQ66,CarNo4,3,66.593999998644,40,0,220.0011099
GNpRqsKPMKqm0TdOMHfNWtUu1Dkp,CarNo0,9,996.225999996066,39,47,579.7999371
GNpRqsKPMKqm0TdOMHfNWtUu1Dkp,CarNo1,3,422.2479999996722,16,2,196.0403708
GNpRqsKPMKqm0TdOMHfNWtUu1Dkp,CarNo2,0,258.6794000000227,19,16,19.27097799
GNpRqsKPMKqm0TdOMHfNWtUu1Dkp,CarNo3,0,0.0,0,0,0.0
GNpRqsKPMKqm0TdOMHfNWtUu1Dkp,CarNo4,0,0.0,0,0,0.0
CGPQMjKGqMAtDw8ztYyuviA5omnM,CarNo0,4,756.7240000013262,44,20,284.3459454
CGPQMjKGqMAtDw8ztYyuviA5omnM,CarNo1,0,0.0,0,0,0.0
CGPQMjKGqMAtDw8ztYyuviA5omnM,CarNo2,10,141.10000000149012,1,23,601.385685
CGPQMjKGqMAtDw8ztYyuviA5omnM,CarNo3,0,0.0,0,0,0.0
CGPQMjKGqMAtDw8ztYyuviA5omnM,CarNo4,5,704.237999998033,10,6,310.1117373
HPehttYBmcfQkMLq4u0JiwqGQvg8,CarNo0,1,264.99880000017583,7,56,67.93774998
HPehttYBmcfQkMLq4u0JiwqGQvg8,CarNo1,0,0.0,0,0,0.0
HPehttYBmcfQkMLq4u0JiwqGQvg8,CarNo2,1,369.0758000006899,26,28,86.47281793
HPehttYBmcfQkMLq4u0JiwqGQvg8,CarNo3,0,0.0,0,0,0.0
HPehttYBmcfQkMLq4u0JiwqGQvg8,CarNo4,1,143.4106000000611,39,14,99.23572351
Xh0ugnlOFOfrYgeLN08XT5D688B7,CarNo0,6,312.0,58,57,418.9552
Xh0ugnlOFOfrYgeLN08XT5D688B7,CarNo1,6,722.4420000016689,34,6,394.1120407
Xh0ugnlOFOfrYgeLN08XT5D688B7,CarNo2,0,0.0,0,0,0.0
Xh0ugnlOFOfrYgeLN08XT5D688B7,CarNo3,2,428.8540000002831,57,29,177.4904809
Xh0ugnlOFOfrYgeLN08XT5D688B7,CarNo4,0,0.0,0,0,0.0
uX9Y8LRyKr4YL7hIkO5MEqnUjHJi,CarNo0,6,100.13199999928474,26,32,386.5350022
uX9Y8LRyKr4YL7hIkO5MEqnUjHJi,CarNo1,0,868.8583999997936,40,4,40.08114764
uX9Y8LRyKr4YL7hIkO5MEqnUjHJi,CarNo2,0,482.4237999997568,25,59,25.99137373
uX9Y8LRyKr4YL7hIkO5MEqnUjHJi,CarNo3,1,46.12399999983609,48,10,108.1674354
uX9Y8LRyKr4YL7hIkO5MEqnUjHJi,CarNo4,0,0.0,0,0,0.0
PFW0vdOaPwIHXUvBuFBuf3FXmQZl,CarNo0,6,466.78999999910593,12,46,372.7744465
PFW0vdOaPwIHXUvBuFBuf3FXmQZl,CarNo1,0,0.0,0,0,0.0
PFW0vdOaPwIHXUvBuFBuf3FXmQZl,CarNo2,4,227.6120000015944,21,34,261.5704602
PFW0vdOaPwIHXUvBuFBuf3FXmQZl,CarNo3,0,0.0,0,0,0.0
PFW0vdOaPwIHXUvBuFBuf3FXmQZl,CarNo4,7,907.8340000025928,59,38,479.6484639
eC8pkAh9difkPVztpEfMjUjgEsoc,CarNo0,2,744.0219999998808,44,5,164.0957337
eC8pkAh9difkPVztpEfMjUjgEsoc,CarNo1,0,0.0,0,0,0.0
eC8pkAh9difkPVztpEfMjUjgEsoc,CarNo2,9,201.6159999966621,2,14,542.2366936
eC8pkAh9difkPVztpEfMjUjgEsoc,CarNo3,0,0.0,0,0,0.0
eC8pkAh9difkPVztpEfMjUjgEsoc,CarNo4,4,890.3420000001788,59,58,299.9815057
5I5mEEuYN6dK97GnGFA8YCUlvswu,CarNo0,6,121.54199999943376,33,48,393.8020257
5I5mEEuYN6dK97GnGFA8YCUlvswu,CarNo1,0,0.0,0,0,0.0
5I5mEEuYN6dK97GnGFA8YCUlvswu,CarNo2,0,0.0,0,0,0.0
5I5mEEuYN6dK97GnGFA8YCUlvswu,CarNo3,7,395.7820000015199,23,50,443.8399297
5I5mEEuYN6dK97GnGFA8YCUlvswu,CarNo4,0,0.0,0,0,0.0
7vhFQnd6jvCQlCFRkPqQPoIoXNL1,CarNo0,7,35.074000000953674,35,5,455.0839179
7vhFQnd6jvCQlCFRkPqQPoIoXNL1,CarNo1,0,0.0,0,0,0.0
7vhFQnd6jvCQlCFRkPqQPoIoXNL1,CarNo2,5,52.07200000062585,35,50,335.8342012
7vhFQnd6jvCQlCFRkPqQPoIoXNL1,CarNo3,7,419.0740000009537,48,41,468.6903179
7vhFQnd6jvCQlCFRkPqQPoIoXNL1,CarNo4,0,0.0,0,0,0.0
V9BFJyKpdo3hDSRCNDUsmLGFu6se,CarNo0,1,73.05200000014156,56,43,116.7178842
V9BFJyKpdo3hDSRCNDUsmLGFu6se,CarNo1,1,88.58600000012666,44,1,104.0181431
V9BFJyKpdo3hDSRCNDUsmLGFu6se,CarNo2,0,0.0,0,0,0.0
V9BFJyKpdo3hDSRCNDUsmLGFu6se,CarNo3,0,0.0,0,0,0.0
V9BFJyKpdo3hDSRCNDUsmLGFu6se,CarNo4,0,0.0,0,0,0.0
NUBoUTHsjkQg3oVYSilEWQPtn5Ip,CarNo0,1,514.3574000000954,31,40,91.67523929
NUBoUTHsjkQg3oVYSilEWQPtn5Ip,CarNo1,2,615.401999999769,0,36,120.6102567
NUBoUTHsjkQg3oVYSilEWQPtn5Ip,CarNo2,11,794.7060000002384,7,48,607.8132451
NUBoUTHsjkQg3oVYSilEWQPtn5Ip,CarNo3,5,424.30199999921024,0,21,300.3570717
NUBoUTHsjkQg3oVYSilEWQPtn5Ip,CarNo4,4,669.343999998644,52,13,292.2278224
e0APeZo5rivJVXmQqujOw7Dr3Bgj,CarNo0,6,17.723999999463558,27,48,387.8002954
e0APeZo5rivJVXmQqujOw7Dr3Bgj,CarNo1,7,422.5180000029504,12,53,432.8903753
e0APeZo5rivJVXmQqujOw7Dr3Bgj,CarNo2,8,157.81599999964237,7,41,487.6859636
e0APeZo5rivJVXmQqujOw7Dr3Bgj,CarNo3,5,319.62400000169873,30,47,330.7886604
e0APeZo5rivJVXmQqujOw7Dr3Bgj,CarNo4,7,700.7060000002384,28,43,448.7283451
w5olZPY3aPlwFUQA7UfkT842LBHs,CarNo0,10,415.695999994874,0,35,600.5902616
w5olZPY3aPlwFUQA7UfkT842LBHs,CarNo1,0,0.0,0,0,0.0
w5olZPY3aPlwFUQA7UfkT842LBHs,CarNo2,1,506.5120000001043,49,8,109.1417752
w5olZPY3aPlwFUQA7UfkT842LBHs,CarNo3,0,0.0,0,0,0.0
w5olZPY3aPlwFUQA7UfkT842LBHs,CarNo4,7,55.16999999806285,10,57,430.9509195
1xzj98oZCoQCMsSyKouZtiJG9rwp,CarNo0,6,297.6779999993741,21,6,381.1049613
1xzj98oZCoQCMsSyKouZtiJG9rwp,CarNo1,3,643.4259999990463,55,59,235.9940571
1xzj98oZCoQCMsSyKouZtiJG9rwp,CarNo2,0,0.0,0,0,0.0
1xzj98oZCoQCMsSyKouZtiJG9rwp,CarNo3,0,0.0,0,0,0.0
1xzj98oZCoQCMsSyKouZtiJG9rwp,CarNo4,5,754.9380000010133,14,0,314.0125823
3n1FeEXA19rPZgdjvXunDnntkfJR,CarNo0,7,708.6319999992847,57,58,477.9784772
3n1FeEXA19rPZgdjvXunDnntkfJR,CarNo1,0,0.0,0,0,0.0
3n1FeEXA19rPZgdjvXunDnntkfJR,CarNo2,0,0.0,0,0,0.0
3n1FeEXA19rPZgdjvXunDnntkfJR,CarNo3,8,487.3559999987483,7,48,487.8081226
3n1FeEXA19rPZgdjvXunDnntkfJR,CarNo4,0,0.0,0,0,0.0
MemUkDttYM5t1hAiKge8R3RDmAnD,CarNo0,1,46.99200000055134,56,27,116.4507832
MemUkDttYM5t1hAiKge8R3RDmAnD,CarNo1,0,0.0,0,0,0.0
MemUkDttYM5t1hAiKge8R3RDmAnD,CarNo2,0,548.6850000000559,14,6,14.10914475
MemUkDttYM5t1hAiKge8R3RDmAnD,CarNo3,0,0.0,0,0,0.0
MemUkDttYM5t1hAiKge8R3RDmAnD,CarNo4,0,0.0,0,0,0.0
